[  +19 ms] executing: uname -m
[  +11 ms] Exit code 0 from: uname -m
[        ] x86_64
[  +38 ms] Artifact Instance of 'AndroidGenSnapshotArtifacts' is not required, skipping update.
[        ] Artifact Instance of 'AndroidInternalBuildArtifacts' is not required, skipping update.
[        ] Artifact Instance of 'IOSEngineArtifacts' is not required, skipping update.
[        ] Artifact Instance of 'FlutterWebSdk' is not required, skipping update.
[        ] Artifact Instance of 'LegacyCanvasKitRemover' is not required, skipping update.
[   +2 ms] Artifact Instance of 'WindowsEngineArtifacts' is not required, skipping update.
[        ] Artifact Instance of 'MacOSEngineArtifacts' is not required, skipping update.
[        ] Artifact Instance of 'LinuxEngineArtifacts' is not required, skipping update.
[        ] Artifact Instance of 'LinuxFuchsiaSDKArtifacts' is not required, skipping update.
[        ] Artifact Instance of 'MacOSFuchsiaSDKArtifacts' is not required, skipping update.
[        ] Artifact Instance of 'FlutterRunnerSDKArtifacts' is not required, skipping update.
[        ] Artifact Instance of 'FlutterRunnerDebugSymbols' is not required, skipping update.
[  +56 ms] Artifact Instance of 'AndroidGenSnapshotArtifacts' is not required, skipping update.
[        ] Artifact Instance of 'AndroidInternalBuildArtifacts' is not required, skipping update.
[        ] Artifact Instance of 'IOSEngineArtifacts' is not required, skipping update.
[        ] Artifact Instance of 'FlutterWebSdk' is not required, skipping update.
[        ] Artifact Instance of 'LegacyCanvasKitRemover' is not required, skipping update.
[        ] Artifact Instance of 'WindowsEngineArtifacts' is not required, skipping update.
[        ] Artifact Instance of 'MacOSEngineArtifacts' is not required, skipping update.
[   +1 ms] Artifact Instance of 'LinuxFuchsiaSDKArtifacts' is not required, skipping update.
[        ] Artifact Instance of 'MacOSFuchsiaSDKArtifacts' is not required, skipping update.
[        ] Artifact Instance of 'FlutterRunnerSDKArtifacts' is not required, skipping update.
[        ] Artifact Instance of 'FlutterRunnerDebugSymbols' is not required, skipping update.
[ +109 ms] Skipping pub get: version match.
[  +20 ms] executing: [/home/ubuntu/fire-safe/] /home/ubuntu/snap/flutter/common/flutter/bin/cache/dart-sdk/bin/dart pub --suppress-analytics deps --json
[ +550 ms] {
             "root": "fire_safety_inspector",
             "packages": [
               {
                 "name": "fire_safety_inspector",
                 "version": "0.1.0+1",
                 "kind": "root",
                 "source": "root",
                 "dependencies": [
                   "flutter",
                   "cupertino_icons",
                   "provider",
                   "flutter_bloc",
                   "google_maps_flutter",
                   "location",
                   "geocoding",
                   "geolocator",
                   "sqflite",
                   "hive",
                   "hive_flutter",
                   "dio",
                   "connectivity_plus",
                   "flutter_svg",
                   "cached_network_image",
                   "camera",
                   "image_picker",
                   "photo_view",
                   "pdf",
                   "printing",
                   "path_provider",
                   "permission_handler",
                   "flutter_local_notifications",
                   "table_calendar",
                   "math_expressions",
                   "intl",
                   "shared_preferences",
                   "flutter_secure_storage",
                   "firebase_core",
                   "firebase_auth",
                   "cloud_firestore",
                   "firebase_storage",
                   "firebase_messaging",
                   "share_plus",
                   "flutter_test",
                   "mockito",
                   "integration_test",
                   "flutter_lints",
                   "hive_generator",
                   "build_runner"
                 ],
                 "directDependencies": [
                   "flutter",
                   "cupertino_icons",
                   "provider",
                   "flutter_bloc",
                   "google_maps_flutter",
                   "location",
                   "geocoding",
                   "geolocator",
                   "sqflite",
                   "hive",
                   "hive_flutter",
                   "dio",
                   "connectivity_plus",
                   "flutter_svg",
                   "cached_network_image",
                   "camera",
                   "image_picker",
                   "photo_view",
                   "pdf",
                   "printing",
                   "path_provider",
                   "permission_handler",
                   "flutter_local_notifications",
                   "table_calendar",
                   "math_expressions",
                   "intl",
                   "shared_preferences",
                   "flutter_secure_storage",
                   "firebase_core",
                   "firebase_auth",
                   "cloud_firestore",
                   "firebase_storage",
                   "firebase_messaging",
                   "share_plus"
                 ],
                 "devDependencies": [
                   "flutter_test",
                   "mockito",
                   "integration_test",
                   "flutter_lints",
                   "hive_generator",
                   "build_runner"
                 ]
               },
               {
                 "name": "build_runner",
                 "version": "2.5.4",
                 "kind": "dev",
                 "source": "hosted",
                 "dependencies": [
                   "analyzer",
                   "args",
                   "async",
                   "build",
                   "build_config",
                   "build_daemon",
                   "build_resolvers",
                   "build_runner_core",
                   "code_builder",
                   "collection",
                   "crypto",
                   "dart_style",
                   "frontend_server_client",
                   "glob",
                   "graphs",
                   "http",
                   "http_multi_server",
                   "io",
                   "js",
                   "logging",
                   "meta",
                   "mime",
                   "package_config",
                   "path",
                   "pool",
                   "pub_semver",
                   "pubspec_parse",
                   "shelf",
                   "shelf_web_socket",
                   "stack_trace",
                   "stream_transform",
                   "timing",
                   "watcher",
                   "web",
                   "web_socket_channel",
                   "yaml"
                 ],
                 "directDependencies": [
                   "analyzer",
                   "args",
                   "async",
                   "build",
                   "build_config",
                   "build_daemon",
                   "build_resolvers",
                   "build_runner_core",
                   "code_builder",
                   "collection",
                   "crypto",
                   "dart_style",
                   "frontend_server_client",
                   "glob",
                   "graphs",
                   "http",
                   "http_multi_server",
                   "io",
                   "js",
                   "logging",
                   "meta",
                   "mime",
                   "package_config",
                   "path",
                   "pool",
                   "pub_semver",
                   "pubspec_parse",
                   "shelf",
                   "shelf_web_socket",
                   "stack_trace",
                   "stream_transform",
                   "timing",
                   "watcher",
                   "web",
                   "web_socket_channel",
                   "yaml"
                 ]
               },
               {
                 "name": "yaml",
                 "version": "3.1.3",
                 "kind": "transitive",
                 "source": "hosted",
                 "dependencies": [
                   "collection",
                   "source_span",
                   "string_scanner"
                 ],
                 "directDependencies": [
                   "collection",
                   "source_span",
                   "string_scanner"
                 ]
               },
               {
                 "name": "string_scanner",
                 "version": "1.4.1",
                 "kind": "transitive",
                 "source": "hosted",
                 "dependencies": [
                   "source_span"
                 ],
                 "directDependencies": [
                   "source_span"
                 ]
               },
               {
                 "name": "source_span",
                 "version": "1.10.1",
                 "kind": "transitive",
                 "source": "hosted",
                 "dependencies": [
                   "collection",
                   "path",
                   "term_glyph"
                 ],
                 "directDependencies": [
                   "collection",
                   "path",
                   "term_glyph"
                 ]
               },
               {
                 "name": "term_glyph",
                 "version": "1.2.2",
                 "kind": "transitive",
                 "source": "hosted",
                 "dependencies": [],
                 "directDependencies": []
               },
               {
                 "name": "path",
                 "version": "1.9.1",
                 "kind": "transitive",
                 "source": "hosted",
                 "dependencies": [],
                 "directDependencies": []
               },
               {
                 "name": "collection",
                 "version": "1.19.1",
                 "kind": "transitive",
                 "source": "hosted",
                 "dependencies": [],
                 "directDependencies": []
               },
               {
                 "name": "web_socket_channel",
                 "version": "3.0.3",
                 "kind": "transitive",
                 "source": "hosted",
                 "dependencies": [
                   "async",
                   "crypto",
                   "stream_channel",
                   "web",
                   "web_socket"
                 ],
                 "directDependencies": [
                   "async",
                   "crypto",
                   "stream_channel",
                   "web",
                   "web_socket"
                 ]
               },
               {
                 "name": "web_socket",
                 "version": "1.0.1",
                 "kind": "transitive",
                 "source": "hosted",
                 "dependencies": [
                   "web"
                 ],
                 "directDependencies": [
                   "web"
                 ]
               },
               {
                 "name": "web",
                 "version": "1.1.1",
                 "kind": "transitive",
                 "source": "hosted",
                 "dependencies": [],
                 "directDependencies": []
               },
               {
                 "name": "stream_channel",
                 "version": "2.1.4",
                 "kind": "transitive",
                 "source": "hosted",
                 "dependencies": [
                   "async"
                 ],
                 "directDependencies": [
                   "async"
                 ]
               },
               {
                 "name": "async",
                 "version": "2.13.0",
                 "kind": "transitive",
                 "source": "hosted",
                 "dependencies": [
                   "collection",
                   "meta"
                 ],
                 "directDependencies": [
                   "collection",
                   "meta"
                 ]
               },
               {
                 "name": "meta",
                 "version": "1.16.0",
                 "kind": "transitive",
                 "source": "hosted",
                 "dependencies": [],
                 "directDependencies": []
               },
               {
                 "name": "crypto",
                 "version": "3.0.6",
                 "kind": "transitive",
                 "source": "hosted",
                 "dependencies": [
                   "typed_data"
                 ],
                 "directDependencies": [
                   "typed_data"
                 ]
               },
               {
                 "name": "typed_data",
                 "version": "1.4.0",
                 "kind": "transitive",
                 "source": "hosted",
                 "dependencies": [
                   "collection"
                 ],
                 "directDependencies": [
                   "collection"
                 ]
               },
               {
                 "name": "watcher",
                 "version": "1.1.2",
                 "kind": "transitive",
                 "source": "hosted",
                 "dependencies": [
                   "async",
                   "path"
                 ],
                 "directDependencies": [
                   "async",
                   "path"
                 ]
               },
               {
                 "name": "timing",
                 "version": "1.0.2",
                 "kind": "transitive",
                 "source": "hosted",
                 "dependencies": [
                   "json_annotation"
                 ],
                 "directDependencies": [
                   "json_annotation"
                 ]
               },
               {
                 "name": "json_annotation",
                 "version": "4.9.0",
                 "kind": "transitive",
                 "source": "hosted",
                 "dependencies": [
                   "meta"
                 ],
                 "directDependencies": [
                   "meta"
                 ]
               },
               {
                 "name": "stream_transform",
                 "version": "2.1.1",
                 "kind": "transitive",
                 "source": "hosted",
                 "dependencies": [],
                 "directDependencies": []
               },
               {
                 "name": "stack_trace",
                 "version": "1.12.1",
                 "kind": "transitive",
                 "source": "hosted",
                 "dependencies": [
                   "path"
                 ],
                 "directDependencies": [
                   "path"
                 ]
               },
               {
                 "name": "shelf_web_socket",
                 "version": "3.0.0",
                 "kind": "transitive",
                 "source": "hosted",
                 "dependencies": [
                   "shelf",
                   "stream_channel",
                   "web_socket_channel"
                 ],
                 "directDependencies": [
                   "shelf",
                   "stream_channel",
                   "web_socket_channel"
                 ]
               },
               {
                 "name": "shelf",
                 "version": "1.4.2",
                 "kind": "transitive",
                 "source": "hosted",
                 "dependencies": [
                   "async",
                   "collection",
                   "http_parser",
                   "path",
                   "stack_trace",
                   "stream_channel"
                 ],
                 "directDependencies": [
                   "async",
                   "collection",
                   "http_parser",
                   "path",
                   "stack_trace",
                   "stream_channel"
                 ]
               },
               {
                 "name": "http_parser",
                 "version": "4.1.2",
                 "kind": "transitive",
                 "source": "hosted",
                 "dependencies": [
                   "collection",
                   "source_span",
                   "string_scanner",
                   "typed_data"
                 ],
                 "directDependencies": [
                   "collection",
                   "source_span",
                   "string_scanner",
                   "typed_data"
                 ]
               },
               {
                 "name": "pubspec_parse",
                 "version": "1.5.0",
                 "kind": "transitive",
                 "source": "hosted",
                 "dependencies": [
                   "checked_yaml",
                   "collection",
                   "json_annotation",
                   "pub_semver",
                   "yaml"
                 ],
                 "directDependencies": [
                   "checked_yaml",
                   "collection",
                   "json_annotation",
                   "pub_semver",
                   "yaml"
                 ]
               },
               {
                 "name": "pub_semver",
                 "version": "2.2.0",
                 "kind": "transitive",
                 "source": "hosted",
                 "dependencies": [
                   "collection"
                 ],
                 "directDependencies": [
                   "collection"
                 ]
               },
               {
                 "name": "checked_yaml",
                 "version": "2.0.4",
                 "kind": "transitive",
                 "source": "hosted",
                 "dependencies": [
                   "json_annotation",
                   "source_span",
                   "yaml"
                 ],
                 "directDependencies": [
                   "json_annotation",
                   "source_span",
                   "yaml"
                 ]
               },
               {
                 "name": "pool",
                 "version": "1.5.1",
                 "kind": "transitive",
                 "source": "hosted",
                 "dependencies": [
                   "async",
                   "stack_trace"
                 ],
                 "directDependencies": [
                   "async",
                   "stack_trace"
                 ]
               },
               {
                 "name": "package_config",
                 "version": "2.2.0",
                 "kind": "transitive",
                 "source": "hosted",
                 "dependencies": [
                   "path"
                 ],
                 "directDependencies": [
                   "path"
                 ]
               },
               {
                 "name": "mime",
                 "version": "1.0.6",
                 "kind": "transitive",
                 "source": "hosted",
                 "dependencies": [],
                 "directDependencies": []
               },
               {
                 "name": "logging",
                 "version": "1.3.0",
                 "kind": "transitive",
                 "source": "hosted",
                 "dependencies": [],
                 "directDependencies": []
               },
               {
                 "name": "js",
                 "version": "0.6.7",
                 "kind": "transitive",
                 "source": "hosted",
                 "dependencies": [
                   "meta"
                 ],
                 "directDependencies": [
                   "meta"
                 ]
               },
               {
                 "name": "io",
                 "version": "1.0.5",
                 "kind": "transitive",
                 "source": "hosted",
                 "dependencies": [
                   "meta",
                   "path",
                   "string_scanner"
                 ],
                 "directDependencies": [
                   "meta",
                   "path",
                   "string_scanner"
                 ]
               },
               {
                 "name": "http_multi_server",
                 "version": "3.2.2",
                 "kind": "transitive",
                 "source": "hosted",
                 "dependencies": [
                   "async"
                 ],
                 "directDependencies": [
                   "async"
                 ]
               },
               {
                 "name": "http",
                 "version": "1.4.0",
                 "kind": "transitive",
                 "source": "hosted",
                 "dependencies": [
                   "async",
                   "http_parser",
                   "meta",
                   "web"
                 ],
                 "directDependencies": [
                   "async",
                   "http_parser",
                   "meta",
                   "web"
                 ]
               },
               {
                 "name": "graphs",
                 "version": "2.3.2",
                 "kind": "transitive",
                 "source": "hosted",
                 "dependencies": [
                   "collection"
                 ],
                 "directDependencies": [
                   "collection"
                 ]
               },
               {
                 "name": "glob",
                 "version": "2.1.3",
                 "kind": "transitive",
                 "source": "hosted",
                 "dependencies": [
                   "async",
                   "collection",
                   "file",
                   "path",
                   "string_scanner"
                 ],
                 "directDependencies": [
                   "async",
                   "collection",
                   "file",
                   "path",
                   "string_scanner"
                 ]
               },
               {
                 "name": "file",
                 "version": "7.0.1",
                 "kind": "transitive",
                 "source": "hosted",
                 "dependencies": [
                   "meta",
                   "path"
                 ],
                 "directDependencies": [
                   "meta",
                   "path"
                 ]
               },
               {
                 "name": "frontend_server_client",
                 "version": "4.0.0",
                 "kind": "transitive",
                 "source": "hosted",
                 "dependencies": [
                   "async",
                   "path"
                 ],
                 "directDependencies": [
                   "async",
                   "path"
                 ]
               },
               {
                 "name": "dart_style",
                 "version": "2.3.8",
                 "kind": "transitive",
                 "source": "hosted",
                 "dependencies": [
                   "analyzer",
                   "args",
                   "collection",
                   "package_config",
                   "path",
                   "pub_semver",
                   "source_span"
                 ],
                 "directDependencies": [
                   "analyzer",
                   "args",
                   "collection",
                   "package_config",
                   "path",
                   "pub_semver",
                   "source_span"
                 ]
               },
               {
                 "name": "args",
                 "version": "2.7.0",
                 "kind": "transitive",
                 "source": "hosted",
                 "dependencies": [],
                 "directDependencies": []
               },
               {
                 "name": "analyzer",
                 "version": "6.11.0",
                 "kind": "transitive",
                 "source": "hosted",
                 "dependencies": [
                   "_fe_analyzer_shared",
                   "collection",
                   "convert",
                   "crypto",
                   "glob",
                   "macros",
                   "meta",
                   "package_config",
                   "path",
                   "pub_semver",
                   "source_span",
                   "watcher",
                   "yaml"
                 ],
                 "directDependencies": [
                   "_fe_analyzer_shared",
                   "collection",
                   "convert",
                   "crypto",
                   "glob",
                   "macros",
                   "meta",
                   "package_config",
                   "path",
                   "pub_semver",
                   "source_span",
                   "watcher",
                   "yaml"
                 ]
               },
               {
                 "name": "macros",
                 "version": "0.1.3-main.0",
                 "kind": "transitive",
                 "source": "hosted",
                 "dependencies": [
                   "_macros"
                 ],
                 "directDependencies": [
                   "_macros"
                 ]
               },
               {
                 "name": "_macros",
                 "version": "0.3.3",
                 "kind": "transitive",
                 "source": "sdk",
                 "dependencies": [],
                 "directDependencies": []
               },
               {
                 "name": "convert",
                 "version": "3.1.2",
                 "kind": "transitive",
                 "source": "hosted",
                 "dependencies": [
                   "typed_data"
                 ],
                 "directDependencies": [
                   "typed_data"
                 ]
               },
               {
                 "name": "_fe_analyzer_shared",
                 "version": "76.0.0",
                 "kind": "transitive",
                 "source": "hosted",
                 "dependencies": [
                   "meta"
                 ],
                 "directDependencies": [
                   "meta"
                 ]
               },
               {
                 "name": "code_builder",
                 "version": "4.10.1",
                 "kind": "transitive",
                 "source": "hosted",
                 "dependencies": [
                   "built_collection",
                   "built_value",
                   "collection",
                   "matcher",
                   "meta"
                 ],
                 "directDependencies": [
                   "built_collection",
                   "built_value",
                   "collection",
                   "matcher",
                   "meta"
                 ]
               },
               {
                 "name": "matcher",
                 "version": "0.12.17",
                 "kind": "transitive",
                 "source": "hosted",
                 "dependencies": [
                   "async",
                   "meta",
                   "stack_trace",
                   "term_glyph",
                   "test_api"
                 ],
                 "directDependencies": [
                   "async",
                   "meta",
                   "stack_trace",
                   "term_glyph",
                   "test_api"
                 ]
               },
               {
                 "name": "test_api",
                 "version": "0.7.4",
                 "kind": "transitive",
                 "source": "hosted",
                 "dependencies": [
                   "async",
                   "boolean_selector",
                   "collection",
                   "meta",
                   "source_span",
                   "stack_trace",
                   "stream_channel",
                   "string_scanner",
                   "term_glyph"
                 ],
                 "directDependencies": [
                   "async",
                   "boolean_selector",
                   "collection",
                   "meta",
                   "source_span",
                   "stack_trace",
                   "stream_channel",
                   "string_scanner",
                   "term_glyph"
                 ]
               },
               {
                 "name": "boolean_selector",
                 "version": "2.1.2",
                 "kind": "transitive",
                 "source": "hosted",
                 "dependencies": [
                   "source_span",
                   "string_scanner"
                 ],
                 "directDependencies": [
                   "source_span",
                   "string_scanner"
                 ]
               },
               {
                 "name": "built_value",
                 "version": "8.10.1",
                 "kind": "transitive",
                 "source": "hosted",
                 "dependencies": [
                   "built_collection",
                   "collection",
                   "fixnum",
                   "meta"
                 ],
                 "directDependencies": [
                   "built_collection",
                   "collection",
                   "fixnum",
                   "meta"
                 ]
               },
               {
                 "name": "fixnum",
                 "version": "1.1.1",
                 "kind": "transitive",
                 "source": "hosted",
                 "dependencies": [],
                 "directDependencies": []
               },
               {
                 "name": "built_collection",
                 "version": "5.1.1",
                 "kind": "transitive",
                 "source": "hosted",
                 "dependencies": [],
                 "directDependencies": []
               },
               {
                 "name": "build_runner_core",
                 "version": "9.1.2",
                 "kind": "transitive",
                 "source": "hosted",
                 "dependencies": [
                   "analyzer",
                   "async",
                   "build",
                   "build_config",
                   "build_resolvers",
                   "build_runner",
                   "built_collection",
                   "built_value",
                   "collection",
                   "convert",
                   "crypto",
                   "glob",
                   "graphs",
                   "json_annotation",
                   "logging",
                   "meta",
                   "package_config",
                   "path",
                   "pool",
                   "timing",
                   "watcher",
                   "yaml"
                 ],
                 "directDependencies": [
                   "analyzer",
                   "async",
                   "build",
                   "build_config",
                   "build_resolvers",
                   "build_runner",
                   "built_collection",
                   "built_value",
                   "collection",
                   "convert",
                   "crypto",
                   "glob",
                   "graphs",
                   "json_annotation",
                   "logging",
                   "meta",
                   "package_config",
                   "path",
                   "pool",
                   "timing",
                   "watcher",
                   "yaml"
                 ]
               },
               {
                 "name": "build_resolvers",
                 "version": "2.5.4",
                 "kind": "transitive",
                 "source": "hosted",
                 "dependencies": [
                   "analyzer",
                   "async",
                   "build",
                   "build_runner_core",
                   "collection",
                   "convert",
                   "crypto",
                   "graphs",
                   "logging",
                   "package_config",
                   "path",
                   "pool",
                   "pub_semver",
                   "stream_transform"
                 ],
                 "directDependencies": [
                   "analyzer",
                   "async",
                   "build",
                   "build_runner_core",
                   "collection",
                   "convert",
                   "crypto",
                   "graphs",
                   "logging",
                   "package_config",
                   "path",
                   "pool",
                   "pub_semver",
                   "stream_transform"
                 ]
               },
               {
                 "name": "build",
                 "version": "2.5.4",
                 "kind": "transitive",
                 "source": "hosted",
                 "dependencies": [
                   "analyzer",
                   "async",
                   "build_runner_core",
                   "built_collection",
                   "built_value",
                   "convert",
                   "crypto",
                   "glob",
                   "graphs",
                   "logging",
                   "meta",
                   "package_config",
                   "path",
                   "pool"
                 ],
                 "directDependencies": [
                   "analyzer",
                   "async",
                   "build_runner_core",
                   "built_collection",
                   "built_value",
                   "convert",
                   "crypto",
                   "glob",
                   "graphs",
                   "logging",
                   "meta",
                   "package_config",
                   "path",
                   "pool"
                 ]
               },
               {
                 "name": "build_config",
                 "version": "1.1.2",
                 "kind": "transitive",
                 "source": "hosted",
                 "dependencies": [
                   "checked_yaml",
                   "json_annotation",
                   "path",
                   "pubspec_parse",
                   "yaml"
                 ],
                 "directDependencies": [
                   "checked_yaml",
                   "json_annotation",
                   "path",
                   "pubspec_parse",
                   "yaml"
                 ]
               },
               {
                 "name": "build_daemon",
                 "version": "4.0.4",
                 "kind": "transitive",
                 "source": "hosted",
                 "dependencies": [
                   "built_collection",
                   "built_value",
                   "crypto",
                   "http_multi_server",
                   "logging",
                   "path",
                   "pool",
                   "shelf",
                   "shelf_web_socket",
                   "stream_transform",
                   "watcher",
                   "web_socket_channel"
                 ],
                 "directDependencies": [
                   "built_collection",
                   "built_value",
                   "crypto",
                   "http_multi_server",
                   "logging",
                   "path",
                   "pool",
                   "shelf",
                   "shelf_web_socket",
                   "stream_transform",
                   "watcher",
                   "web_socket_channel"
                 ]
               },
               {
                 "name": "hive_generator",
                 "version": "2.0.1",
                 "kind": "dev",
                 "source": "hosted",
                 "dependencies": [
                   "build",
                   "source_gen",
                   "hive",
                   "analyzer",
                   "source_helper"
                 ],
                 "directDependencies": [
                   "build",
                   "source_gen",
                   "hive",
                   "analyzer",
                   "source_helper"
                 ]
               },
               {
                 "name": "source_helper",
                 "version": "1.3.5",
                 "kind": "transitive",
                 "source": "hosted",
                 "dependencies": [
                   "analyzer",
                   "collection",
                   "source_gen"
                 ],
                 "directDependencies": [
                   "analyzer",
                   "collection",
                   "source_gen"
                 ]
               },
               {
                 "name": "source_gen",
                 "version": "1.5.0",
                 "kind": "transitive",
                 "source": "hosted",
                 "dependencies": [
                   "analyzer",
                   "async",
                   "build",
                   "dart_style",
                   "glob",
                   "path",
                   "source_span",
                   "yaml"
                 ],
                 "directDependencies": [
                   "analyzer",
                   "async",
                   "build",
                   "dart_style",
                   "glob",
                   "path",
                   "source_span",
                   "yaml"
                 ]
               },
               {
                 "name": "hive",
                 "version": "2.2.3",
                 "kind": "direct",
                 "source": "hosted",
                 "dependencies": [
                   "meta",
                   "crypto"
                 ],
                 "directDependencies": [
                   "meta",
                   "crypto"
                 ]
               },
               {
                 "name": "flutter_lints",
                 "version": "2.0.3",
                 "kind": "dev",
                 "source": "hosted",
                 "dependencies": [
                   "lints"
                 ],
                 "directDependencies": [
                   "lints"
                 ]
               },
               {
                 "name": "lints",
                 "version": "2.1.1",
                 "kind": "transitive",
                 "source": "hosted",
                 "dependencies": [],
                 "directDependencies": []
               },
               {
                 "name": "integration_test",
                 "version": "0.0.0",
                 "kind": "dev",
                 "source": "sdk",
                 "dependencies": [
                   "flutter",
                   "flutter_driver",
                   "flutter_test",
                   "path",
                   "vm_service",
                   "async",
                   "boolean_selector",
                   "characters",
                   "clock",
                   "collection",
                   "fake_async",
                   "file",
                   "leak_tracker",
                   "leak_tracker_flutter_testing",
                   "leak_tracker_testing",
                   "matcher",
                   "material_color_utilities",
                   "meta",
                   "source_span",
                   "stack_trace",
                   "stream_channel",
                   "string_scanner",
                   "sync_http",
                   "term_glyph",
                   "test_api",
                   "vector_math",
                   "webdriver"
                 ],
                 "directDependencies": [
                   "flutter",
                   "flutter_driver",
                   "flutter_test",
                   "path",
                   "vm_service",
                   "async",
                   "boolean_selector",
                   "characters",
                   "clock",
                   "collection",
                   "fake_async",
                   "file",
                   "leak_tracker",
                   "leak_tracker_flutter_testing",
                   "leak_tracker_testing",
                   "matcher",
                   "material_color_utilities",
                   "meta",
                   "source_span",
                   "stack_trace",
                   "stream_channel",
                   "string_scanner",
                   "sync_http",
                   "term_glyph",
                   "test_api",
                   "vector_math",
                   "webdriver"
                 ]
               },
               {
                 "name": "webdriver",
                 "version": "3.1.0",
                 "kind": "transitive",
                 "source": "hosted",
                 "dependencies": [
                   "matcher",
                   "path",
                   "stack_trace",
                   "sync_http"
                 ],
                 "directDependencies": [
                   "matcher",
                   "path",
                   "stack_trace",
                   "sync_http"
                 ]
               },
               {
                 "name": "sync_http",
                 "version": "0.3.1",
                 "kind": "transitive",
                 "source": "hosted",
                 "dependencies": [],
                 "directDependencies": []
               },
               {
                 "name": "vector_math",
                 "version": "2.1.4",
                 "kind": "transitive",
                 "source": "hosted",
                 "dependencies": [],
                 "directDependencies": []
               },
               {
                 "name": "material_color_utilities",
                 "version": "0.11.1",
                 "kind": "transitive",
                 "source": "hosted",
                 "dependencies": [
                   "collection"
                 ],
                 "directDependencies": [
                   "collection"
                 ]
               },
               {
                 "name": "leak_tracker_testing",
                 "version": "3.0.1",
                 "kind": "transitive",
                 "source": "hosted",
                 "dependencies": [
                   "leak_tracker",
                   "matcher",
                   "meta"
                 ],
                 "directDependencies": [
                   "leak_tracker",
                   "matcher",
                   "meta"
                 ]
               },
               {
                 "name": "leak_tracker",
                 "version": "10.0.9",
                 "kind": "transitive",
                 "source": "hosted",
                 "dependencies": [
                   "clock",
                   "collection",
                   "meta",
                   "path",
                   "vm_service"
                 ],
                 "directDependencies": [
                   "clock",
                   "collection",
                   "meta",
                   "path",
                   "vm_service"
                 ]
               },
               {
                 "name": "vm_service",
                 "version": "15.0.0",
                 "kind": "transitive",
                 "source": "hosted",
                 "dependencies": [],
                 "directDependencies": []
               },
               {
                 "name": "clock",
                 "version": "1.1.2",
                 "kind": "transitive",
                 "source": "hosted",
                 "dependencies": [],
                 "directDependencies": []
               },
               {
                 "name": "leak_tracker_flutter_testing",
                 "version": "3.0.9",
                 "kind": "transitive",
                 "source": "hosted",
                 "dependencies": [
                   "flutter",
                   "leak_tracker",
                   "leak_tracker_testing",
                   "matcher",
                   "meta"
                 ],
                 "directDependencies": [
                   "flutter",
                   "leak_tracker",
                   "leak_tracker_testing",
                   "matcher",
                   "meta"
                 ]
               },
               {
                 "name": "flutter",
                 "version": "0.0.0",
                 "kind": "direct",
                 "source": "sdk",
                 "dependencies": [
                   "characters",
                   "collection",
                   "material_color_utilities",
                   "meta",
                   "vector_math",
                   "sky_engine"
                 ],
                 "directDependencies": [
                   "characters",
                   "collection",
                   "material_color_utilities",
                   "meta",
                   "vector_math",
                   "sky_engine"
                 ]
               },
               {
                 "name": "sky_engine",
                 "version": "0.0.0",
                 "kind": "transitive",
                 "source": "sdk",
                 "dependencies": [],
                 "directDependencies": []
               },
               {
                 "name": "characters",
                 "version": "1.4.0",
                 "kind": "transitive",
                 "source": "hosted",
                 "dependencies": [],
                 "directDependencies": []
               },
               {
                 "name": "fake_async",
                 "version": "1.3.3",
                 "kind": "transitive",
                 "source": "hosted",
                 "dependencies": [
                   "clock",
                   "collection"
                 ],
                 "directDependencies": [
                   "clock",
                   "collection"
                 ]
               },
               {
                 "name": "flutter_test",
                 "version": "0.0.0",
                 "kind": "dev",
                 "source": "sdk",
                 "dependencies": [
                   "flutter",
                   "test_api",
                   "matcher",
                   "path",
                   "fake_async",
                   "clock",
                   "stack_trace",
                   "vector_math",
                   "leak_tracker_flutter_testing",
                   "async",
                   "boolean_selector",
                   "characters",
                   "collection",
                   "leak_tracker",
                   "leak_tracker_testing",
                   "material_color_utilities",
                   "meta",
                   "source_span",
                   "stream_channel",
                   "string_scanner",
                   "term_glyph",
                   "vm_service"
                 ],
                 "directDependencies": [
                   "flutter",
                   "test_api",
                   "matcher",
                   "path",
                   "fake_async",
                   "clock",
                   "stack_trace",
                   "vector_math",
                   "leak_tracker_flutter_testing",
                   "async",
                   "boolean_selector",
                   "characters",
                   "collection",
                   "leak_tracker",
                   "leak_tracker_testing",
                   "material_color_utilities",
                   "meta",
                   "source_span",
                   "stream_channel",
                   "string_scanner",
                   "term_glyph",
                   "vm_service"
                 ]
               },
               {
                 "name": "flutter_driver",
                 "version": "0.0.0",
                 "kind": "transitive",
                 "source": "sdk",
                 "dependencies": [
                   "file",
                   "flutter",
                   "flutter_test",
                   "fuchsia_remote_debug_protocol",
                   "path",
                   "meta",
                   "vm_service",
                   "webdriver",
                   "async",
                   "boolean_selector",
                   "characters",
                   "clock",
                   "collection",
                   "leak_tracker",
                   "leak_tracker_flutter_testing",
                   "leak_tracker_testing",
                   "matcher",
                   "material_color_utilities",
                   "platform",
                   "process",
                   "source_span",
                   "stack_trace",
                   "stream_channel",
                   "string_scanner",
                   "sync_http",
                   "term_glyph",
                   "test_api",
                   "vector_math"
                 ],
                 "directDependencies": [
                   "file",
                   "flutter",
                   "flutter_test",
                   "fuchsia_remote_debug_protocol",
                   "path",
                   "meta",
                   "vm_service",
                   "webdriver",
                   "async",
                   "boolean_selector",
                   "characters",
                   "clock",
                   "collection",
                   "leak_tracker",
                   "leak_tracker_flutter_testing",
                   "leak_tracker_testing",
                   "matcher",
                   "material_color_utilities",
                   "platform",
                   "process",
                   "source_span",
                   "stack_trace",
                   "stream_channel",
                   "string_scanner",
                   "sync_http",
                   "term_glyph",
                   "test_api",
                   "vector_math"
                 ]
               },
               {
                 "name": "process",
                 "version": "5.0.3",
                 "kind": "transitive",
                 "source": "hosted",
                 "dependencies": [
                   "file",
                   "path",
                   "platform"
                 ],
                 "directDependencies": [
                   "file",
                   "path",
                   "platform"
                 ]
               },
               {
                 "name": "platform",
                 "version": "3.1.6",
                 "kind": "transitive",
                 "source": "hosted",
                 "dependencies": [],
                 "directDependencies": []
               },
               {
                 "name": "fuchsia_remote_debug_protocol",
                 "version": "0.0.0",
                 "kind": "transitive",
                 "source": "sdk",
                 "dependencies": [
                   "process",
                   "vm_service",
                   "file",
                   "meta",
                   "path",
                   "platform"
                 ],
                 "directDependencies": [
                   "process",
                   "vm_service",
                   "file",
                   "meta",
                   "path",
                   "platform"
                 ]
               },
               {
                 "name": "mockito",
                 "version": "5.4.5",
                 "kind": "dev",
                 "source": "hosted",
                 "dependencies": [
                   "analyzer",
                   "build",
                   "code_builder",
                   "collection",
                   "dart_style",
                   "matcher",
                   "meta",
                   "path",
                   "source_gen",
                   "test_api"
                 ],
                 "directDependencies": [
                   "analyzer",
                   "build",
                   "code_builder",
                   "collection",
                   "dart_style",
                   "matcher",
                   "meta",
                   "path",
                   "source_gen",
                   "test_api"
                 ]
               },
               {
                 "name": "share_plus",
                 "version": "7.2.2",
                 "kind": "direct",
                 "source": "hosted",
                 "dependencies": [
                   "cross_file",
                   "meta",
                   "mime",
                   "flutter",
                   "flutter_web_plugins",
                   "share_plus_platform_interface",
                   "file",
                   "url_launcher_web",
                   "url_launcher_windows",
                   "url_launcher_linux",
                   "url_launcher_platform_interface",
                   "ffi",
                   "win32"
                 ],
                 "directDependencies": [
                   "cross_file",
                   "meta",
                   "mime",
                   "flutter",
                   "flutter_web_plugins",
                   "share_plus_platform_interface",
                   "file",
                   "url_launcher_web",
                   "url_launcher_windows",
                   "url_launcher_linux",
                   "url_launcher_platform_interface",
                   "ffi",
                   "win32"
                 ]
               },
               {
                 "name": "win32",
                 "version": "5.14.0",
                 "kind": "transitive",
                 "source": "hosted",
                 "dependencies": [
                   "ffi"
                 ],
                 "directDependencies": [
                   "ffi"
                 ]
               },
               {
                 "name": "ffi",
                 "version": "2.1.4",
                 "kind": "transitive",
                 "source": "hosted",
                 "dependencies": [],
                 "directDependencies": []
               },
               {
                 "name": "url_launcher_platform_interface",
                 "version": "2.3.2",
                 "kind": "transitive",
                 "source": "hosted",
                 "dependencies": [
                   "flutter",
                   "plugin_platform_interface"
                 ],
                 "directDependencies": [
                   "flutter",
                   "plugin_platform_interface"
                 ]
               },
               {
                 "name": "plugin_platform_interface",
                 "version": "2.1.8",
                 "kind": "transitive",
                 "source": "hosted",
                 "dependencies": [
                   "meta"
                 ],
                 "directDependencies": [
                   "meta"
                 ]
               },
               {
                 "name": "url_launcher_linux",
                 "version": "3.2.1",
                 "kind": "transitive",
                 "source": "hosted",
                 "dependencies": [
                   "flutter",
                   "url_launcher_platform_interface"
                 ],
                 "directDependencies": [
                   "flutter",
                   "url_launcher_platform_interface"
                 ]
               },
               {
                 "name": "url_launcher_windows",
                 "version": "3.1.4",
                 "kind": "transitive",
                 "source": "hosted",
                 "dependencies": [
                   "flutter",
                   "url_launcher_platform_interface"
                 ],
                 "directDependencies": [
                   "flutter",
                   "url_launcher_platform_interface"
                 ]
               },
               {
                 "name": "url_launcher_web",
                 "version": "2.4.1",
                 "kind": "transitive",
                 "source": "hosted",
                 "dependencies": [
                   "flutter",
                   "flutter_web_plugins",
                   "url_launcher_platform_interface",
                   "web"
                 ],
                 "directDependencies": [
                   "flutter",
                   "flutter_web_plugins",
                   "url_launcher_platform_interface",
                   "web"
                 ]
               },
               {
                 "name": "flutter_web_plugins",
                 "version": "0.0.0",
                 "kind": "transitive",
                 "source": "sdk",
                 "dependencies": [
                   "flutter",
                   "characters",
                   "collection",
                   "material_color_utilities",
                   "meta",
                   "vector_math"
                 ],
                 "directDependencies": [
                   "flutter",
                   "characters",
                   "collection",
                   "material_color_utilities",
                   "meta",
                   "vector_math"
                 ]
               },
               {
                 "name": "share_plus_platform_interface",
                 "version": "3.4.0",
                 "kind": "transitive",
                 "source": "hosted",
                 "dependencies": [
                   "cross_file",
                   "flutter",
                   "meta",
                   "mime",
                   "plugin_platform_interface",
                   "path_provider",
                   "uuid"
                 ],
                 "directDependencies": [
                   "cross_file",
                   "flutter",
                   "meta",
                   "mime",
                   "plugin_platform_interface",
                   "path_provider",
                   "uuid"
                 ]
               },
               {
                 "name": "uuid",
                 "version": "4.5.1",
                 "kind": "transitive",
                 "source": "hosted",
                 "dependencies": [
                   "crypto",
                   "sprintf",
                   "meta",
                   "fixnum"
                 ],
                 "directDependencies": [
                   "crypto",
                   "sprintf",
                   "meta",
                   "fixnum"
                 ]
               },
               {
                 "name": "sprintf",
                 "version": "7.0.0",
                 "kind": "transitive",
                 "source": "hosted",
                 "dependencies": [],
                 "directDependencies": []
               },
               {
                 "name": "path_provider",
                 "version": "2.1.5",
                 "kind": "direct",
                 "source": "hosted",
                 "dependencies": [
                   "flutter",
                   "path_provider_android",
                   "path_provider_foundation",
                   "path_provider_linux",
                   "path_provider_platform_interface",
                   "path_provider_windows"
                 ],
                 "directDependencies": [
                   "flutter",
                   "path_provider_android",
                   "path_provider_foundation",
                   "path_provider_linux",
                   "path_provider_platform_interface",
                   "path_provider_windows"
                 ]
               },
               {
                 "name": "path_provider_windows",
                 "version": "2.3.0",
                 "kind": "transitive",
                 "source": "hosted",
                 "dependencies": [
                   "ffi",
                   "flutter",
                   "path",
                   "path_provider_platform_interface"
                 ],
                 "directDependencies": [
                   "ffi",
                   "flutter",
                   "path",
                   "path_provider_platform_interface"
                 ]
               },
               {
                 "name": "path_provider_platform_interface",
                 "version": "2.1.2",
                 "kind": "transitive",
                 "source": "hosted",
                 "dependencies": [
                   "flutter",
                   "platform",
                   "plugin_platform_interface"
                 ],
                 "directDependencies": [
                   "flutter",
                   "platform",
                   "plugin_platform_interface"
                 ]
               },
               {
                 "name": "path_provider_linux",
                 "version": "2.2.1",
                 "kind": "transitive",
                 "source": "hosted",
                 "dependencies": [
                   "ffi",
                   "flutter",
                   "path",
                   "path_provider_platform_interface",
                   "xdg_directories"
                 ],
                 "directDependencies": [
                   "ffi",
                   "flutter",
                   "path",
                   "path_provider_platform_interface",
                   "xdg_directories"
                 ]
               },
               {
                 "name": "xdg_directories",
                 "version": "1.1.0",
                 "kind": "transitive",
                 "source": "hosted",
                 "dependencies": [
                   "meta",
                   "path"
                 ],
                 "directDependencies": [
                   "meta",
                   "path"
                 ]
               },
               {
                 "name": "path_provider_foundation",
                 "version": "2.4.1",
                 "kind": "transitive",
                 "source": "hosted",
                 "dependencies": [
                   "flutter",
                   "path_provider_platform_interface"
                 ],
                 "directDependencies": [
                   "flutter",
                   "path_provider_platform_interface"
                 ]
               },
               {
                 "name": "path_provider_android",
                 "version": "2.2.17",
                 "kind": "transitive",
                 "source": "hosted",
                 "dependencies": [
                   "flutter",
                   "path_provider_platform_interface"
                 ],
                 "directDependencies": [
                   "flutter",
                   "path_provider_platform_interface"
                 ]
               },
               {
                 "name": "cross_file",
                 "version": "0.3.4+2",
                 "kind": "transitive",
                 "source": "hosted",
                 "dependencies": [
                   "meta",
                   "web"
                 ],
                 "directDependencies": [
                   "meta",
                   "web"
                 ]
               },
               {
                 "name": "firebase_messaging",
                 "version": "14.7.10",
                 "kind": "direct",
                 "source": "hosted",
                 "dependencies": [
                   "firebase_core",
                   "firebase_core_platform_interface",
                   "firebase_messaging_platform_interface",
                   "firebase_messaging_web",
                   "flutter",
                   "meta"
                 ],
                 "directDependencies": [
                   "firebase_core",
                   "firebase_core_platform_interface",
                   "firebase_messaging_platform_interface",
                   "firebase_messaging_web",
                   "flutter",
                   "meta"
                 ]
               },
               {
                 "name": "firebase_messaging_web",
                 "version": "3.5.18",
                 "kind": "transitive",
                 "source": "hosted",
                 "dependencies": [
                   "_flutterfire_internals",
                   "firebase_core",
                   "firebase_core_web",
                   "firebase_messaging_platform_interface",
                   "flutter",
                   "flutter_web_plugins",
                   "js",
                   "meta"
                 ],
                 "directDependencies": [
                   "_flutterfire_internals",
                   "firebase_core",
                   "firebase_core_web",
                   "firebase_messaging_platform_interface",
                   "flutter",
                   "flutter_web_plugins",
                   "js",
                   "meta"
                 ]
               },
               {
                 "name": "firebase_messaging_platform_interface",
                 "version": "4.5.37",
                 "kind": "transitive",
                 "source": "hosted",
                 "dependencies": [
                   "_flutterfire_internals",
                   "firebase_core",
                   "flutter",
                   "meta",
                   "plugin_platform_interface"
                 ],
                 "directDependencies": [
                   "_flutterfire_internals",
                   "firebase_core",
                   "flutter",
                   "meta",
                   "plugin_platform_interface"
                 ]
               },
               {
                 "name": "firebase_core",
                 "version": "2.32.0",
                 "kind": "direct",
                 "source": "hosted",
                 "dependencies": [
                   "firebase_core_platform_interface",
                   "firebase_core_web",
                   "flutter",
                   "meta"
                 ],
                 "directDependencies": [
                   "firebase_core_platform_interface",
                   "firebase_core_web",
                   "flutter",
                   "meta"
                 ]
               },
               {
                 "name": "firebase_core_web",
                 "version": "2.24.0",
                 "kind": "transitive",
                 "source": "hosted",
                 "dependencies": [
                   "firebase_core_platform_interface",
                   "flutter",
                   "flutter_web_plugins",
                   "meta",
                   "web"
                 ],
                 "directDependencies": [
                   "firebase_core_platform_interface",
                   "flutter",
                   "flutter_web_plugins",
                   "meta",
                   "web"
                 ]
               },
               {
                 "name": "firebase_core_platform_interface",
                 "version": "5.4.2",
                 "kind": "transitive",
                 "source": "hosted",
                 "dependencies": [
                   "collection",
                   "flutter",
                   "flutter_test",
                   "meta",
                   "plugin_platform_interface"
                 ],
                 "directDependencies": [
                   "collection",
                   "flutter",
                   "flutter_test",
                   "meta",
                   "plugin_platform_interface"
                 ]
               },
               {
                 "name": "_flutterfire_internals",
                 "version": "1.3.35",
                 "kind": "transitive",
                 "source": "hosted",
                 "dependencies": [
                   "collection",
                   "firebase_core",
                   "firebase_core_platform_interface",
                   "flutter",
                   "meta"
                 ],
                 "directDependencies": [
                   "collection",
                   "firebase_core",
                   "firebase_core_platform_interface",
                   "flutter",
                   "meta"
                 ]
               },
               {
                 "name": "firebase_storage",
                 "version": "11.6.5",
                 "kind": "direct",
                 "source": "hosted",
                 "dependencies": [
                   "firebase_core",
                   "firebase_core_platform_interface",
                   "firebase_storage_platform_interface",
                   "firebase_storage_web",
                   "flutter"
                 ],
                 "directDependencies": [
                   "firebase_core",
                   "firebase_core_platform_interface",
                   "firebase_storage_platform_interface",
                   "firebase_storage_web",
                   "flutter"
                 ]
               },
               {
                 "name": "firebase_storage_web",
                 "version": "3.6.22",
                 "kind": "transitive",
                 "source": "hosted",
                 "dependencies": [
                   "_flutterfire_internals",
                   "async",
                   "firebase_core",
                   "firebase_core_web",
                   "firebase_storage_platform_interface",
                   "flutter",
                   "flutter_web_plugins",
                   "http",
                   "js",
                   "meta"
                 ],
                 "directDependencies": [
                   "_flutterfire_internals",
                   "async",
                   "firebase_core",
                   "firebase_core_web",
                   "firebase_storage_platform_interface",
                   "flutter",
                   "flutter_web_plugins",
                   "http",
                   "js",
                   "meta"
                 ]
               },
               {
                 "name": "firebase_storage_platform_interface",
                 "version": "5.1.22",
                 "kind": "transitive",
                 "source": "hosted",
                 "dependencies": [
                   "_flutterfire_internals",
                   "collection",
                   "firebase_core",
                   "flutter",
                   "meta",
                   "plugin_platform_interface"
                 ],
                 "directDependencies": [
                   "_flutterfire_internals",
                   "collection",
                   "firebase_core",
                   "flutter",
                   "meta",
                   "plugin_platform_interface"
                 ]
               },
               {
                 "name": "cloud_firestore",
                 "version": "4.17.5",
                 "kind": "direct",
                 "source": "hosted",
                 "dependencies": [
                   "cloud_firestore_platform_interface",
                   "cloud_firestore_web",
                   "collection",
                   "firebase_core",
                   "firebase_core_platform_interface",
                   "flutter",
                   "meta"
                 ],
                 "directDependencies": [
                   "cloud_firestore_platform_interface",
                   "cloud_firestore_web",
                   "collection",
                   "firebase_core",
                   "firebase_core_platform_interface",
                   "flutter",
                   "meta"
                 ]
               },
               {
                 "name": "cloud_firestore_web",
                 "version": "3.12.5",
                 "kind": "transitive",
                 "source": "hosted",
                 "dependencies": [
                   "_flutterfire_internals",
                   "cloud_firestore_platform_interface",
                   "collection",
                   "firebase_core",
                   "firebase_core_web",
                   "flutter",
                   "flutter_web_plugins"
                 ],
                 "directDependencies": [
                   "_flutterfire_internals",
                   "cloud_firestore_platform_interface",
                   "collection",
                   "firebase_core",
                   "firebase_core_web",
                   "flutter",
                   "flutter_web_plugins"
                 ]
               },
               {
                 "name": "cloud_firestore_platform_interface",
                 "version": "6.2.5",
                 "kind": "transitive",
                 "source": "hosted",
                 "dependencies": [
                   "_flutterfire_internals",
                   "collection",
                   "firebase_core",
                   "flutter",
                   "meta",
                   "plugin_platform_interface"
                 ],
                 "directDependencies": [
                   "_flutterfire_internals",
                   "collection",
                   "firebase_core",
                   "flutter",
                   "meta",
                   "plugin_platform_interface"
                 ]
               },
               {
                 "name": "firebase_auth",
                 "version": "4.16.0",
                 "kind": "direct",
                 "source": "hosted",
                 "dependencies": [
                   "firebase_auth_platform_interface",
                   "firebase_auth_web",
                   "firebase_core",
                   "firebase_core_platform_interface",
                   "flutter",
                   "meta"
                 ],
                 "directDependencies": [
                   "firebase_auth_platform_interface",
                   "firebase_auth_web",
                   "firebase_core",
                   "firebase_core_platform_interface",
                   "flutter",
                   "meta"
                 ]
               },
               {
                 "name": "firebase_auth_web",
                 "version": "5.8.13",
                 "kind": "transitive",
                 "source": "hosted",
                 "dependencies": [
                   "firebase_auth_platform_interface",
                   "firebase_core",
                   "firebase_core_web",
                   "flutter",
                   "flutter_web_plugins",
                   "http_parser",
                   "js",
                   "meta"
                 ],
                 "directDependencies": [
                   "firebase_auth_platform_interface",
                   "firebase_core",
                   "firebase_core_web",
                   "flutter",
                   "flutter_web_plugins",
                   "http_parser",
                   "js",
                   "meta"
                 ]
               },
               {
                 "name": "firebase_auth_platform_interface",
                 "version": "7.3.0",
                 "kind": "transitive",
                 "source": "hosted",
                 "dependencies": [
                   "_flutterfire_internals",
                   "collection",
                   "firebase_core",
                   "flutter",
                   "meta",
                   "plugin_platform_interface"
                 ],
                 "directDependencies": [
                   "_flutterfire_internals",
                   "collection",
                   "firebase_core",
                   "flutter",
                   "meta",
                   "plugin_platform_interface"
                 ]
               },
               {
                 "name": "flutter_secure_storage",
                 "version": "9.2.4",
                 "kind": "direct",
                 "source": "hosted",
                 "dependencies": [
                   "flutter",
                   "flutter_secure_storage_linux",
                   "flutter_secure_storage_macos",
                   "flutter_secure_storage_platform_interface",
                   "flutter_secure_storage_web",
                   "flutter_secure_storage_windows",
                   "meta"
                 ],
                 "directDependencies": [
                   "flutter",
                   "flutter_secure_storage_linux",
                   "flutter_secure_storage_macos",
                   "flutter_secure_storage_platform_interface",
                   "flutter_secure_storage_web",
                   "flutter_secure_storage_windows",
                   "meta"
                 ]
               },
               {
                 "name": "flutter_secure_storage_windows",
                 "version": "3.1.2",
                 "kind": "transitive",
                 "source": "hosted",
                 "dependencies": [
                   "ffi",
                   "flutter",
                   "flutter_secure_storage_platform_interface",
                   "path",
                   "path_provider",
                   "win32"
                 ],
                 "directDependencies": [
                   "ffi",
                   "flutter",
                   "flutter_secure_storage_platform_interface",
                   "path",
                   "path_provider",
                   "win32"
                 ]
               },
               {
                 "name": "flutter_secure_storage_platform_interface",
                 "version": "1.1.2",
                 "kind": "transitive",
                 "source": "hosted",
                 "dependencies": [
                   "flutter",
                   "plugin_platform_interface"
                 ],
                 "directDependencies": [
                   "flutter",
                   "plugin_platform_interface"
                 ]
               },
               {
                 "name": "flutter_secure_storage_web",
                 "version": "1.2.1",
                 "kind": "transitive",
                 "source": "hosted",
                 "dependencies": [
                   "flutter",
                   "flutter_secure_storage_platform_interface",
                   "flutter_web_plugins",
                   "js"
                 ],
                 "directDependencies": [
                   "flutter",
                   "flutter_secure_storage_platform_interface",
                   "flutter_web_plugins",
                   "js"
                 ]
               },
               {
                 "name": "flutter_secure_storage_macos",
                 "version": "3.1.3",
                 "kind": "transitive",
                 "source": "hosted",
                 "dependencies": [
                   "flutter",
                   "flutter_secure_storage_platform_interface"
                 ],
                 "directDependencies": [
                   "flutter",
                   "flutter_secure_storage_platform_interface"
                 ]
               },
               {
                 "name": "flutter_secure_storage_linux",
                 "version": "1.2.3",
                 "kind": "transitive",
                 "source": "hosted",
                 "dependencies": [
                   "flutter",
                   "flutter_secure_storage_platform_interface"
                 ],
                 "directDependencies": [
                   "flutter",
                   "flutter_secure_storage_platform_interface"
                 ]
               },
               {
                 "name": "shared_preferences",
                 "version": "2.5.3",
                 "kind": "direct",
                 "source": "hosted",
                 "dependencies": [
                   "flutter",
                   "shared_preferences_android",
                   "shared_preferences_foundation",
                   "shared_preferences_linux",
                   "shared_preferences_platform_interface",
                   "shared_preferences_web",
                   "shared_preferences_windows"
                 ],
                 "directDependencies": [
                   "flutter",
                   "shared_preferences_android",
                   "shared_preferences_foundation",
                   "shared_preferences_linux",
                   "shared_preferences_platform_interface",
                   "shared_preferences_web",
                   "shared_preferences_windows"
                 ]
               },
               {
                 "name": "shared_preferences_windows",
                 "version": "2.4.1",
                 "kind": "transitive",
                 "source": "hosted",
                 "dependencies": [
                   "file",
                   "flutter",
                   "path",
                   "path_provider_platform_interface",
                   "path_provider_windows",
                   "shared_preferences_platform_interface"
                 ],
                 "directDependencies": [
                   "file",
                   "flutter",
                   "path",
                   "path_provider_platform_interface",
                   "path_provider_windows",
                   "shared_preferences_platform_interface"
                 ]
               },
               {
                 "name": "shared_preferences_platform_interface",
                 "version": "2.4.1",
                 "kind": "transitive",
                 "source": "hosted",
                 "dependencies": [
                   "flutter",
                   "plugin_platform_interface"
                 ],
                 "directDependencies": [
                   "flutter",
                   "plugin_platform_interface"
                 ]
               },
               {
                 "name": "shared_preferences_web",
                 "version": "2.4.3",
                 "kind": "transitive",
                 "source": "hosted",
                 "dependencies": [
                   "flutter",
                   "flutter_web_plugins",
                   "shared_preferences_platform_interface",
                   "web"
                 ],
                 "directDependencies": [
                   "flutter",
                   "flutter_web_plugins",
                   "shared_preferences_platform_interface",
                   "web"
                 ]
               },
               {
                 "name": "shared_preferences_linux",
                 "version": "2.4.1",
                 "kind": "transitive",
                 "source": "hosted",
                 "dependencies": [
                   "file",
                   "flutter",
                   "path",
                   "path_provider_linux",
                   "path_provider_platform_interface",
                   "shared_preferences_platform_interface"
                 ],
                 "directDependencies": [
                   "file",
                   "flutter",
                   "path",
                   "path_provider_linux",
                   "path_provider_platform_interface",
                   "shared_preferences_platform_interface"
                 ]
               },
               {
                 "name": "shared_preferences_foundation",
                 "version": "2.5.4",
                 "kind": "transitive",
                 "source": "hosted",
                 "dependencies": [
                   "flutter",
                   "shared_preferences_platform_interface"
                 ],
                 "directDependencies": [
                   "flutter",
                   "shared_preferences_platform_interface"
                 ]
               },
               {
                 "name": "shared_preferences_android",
                 "version": "2.4.10",
                 "kind": "transitive",
                 "source": "hosted",
                 "dependencies": [
                   "flutter",
                   "shared_preferences_platform_interface"
                 ],
                 "directDependencies": [
                   "flutter",
                   "shared_preferences_platform_interface"
                 ]
               },
               {
                 "name": "intl",
                 "version": "0.18.1",
                 "kind": "direct",
                 "source": "hosted",
                 "dependencies": [
                   "clock",
                   "meta",
                   "path"
                 ],
                 "directDependencies": [
                   "clock",
                   "meta",
                   "path"
                 ]
               },
               {
                 "name": "math_expressions",
                 "version": "2.7.0",
                 "kind": "direct",
                 "source": "hosted",
                 "dependencies": [
                   "petitparser",
                   "vector_math"
                 ],
                 "directDependencies": [
                   "petitparser",
                   "vector_math"
                 ]
               },
               {
                 "name": "petitparser",
                 "version": "6.1.0",
                 "kind": "transitive",
                 "source": "hosted",
                 "dependencies": [
                   "meta",
                   "collection"
                 ],
                 "directDependencies": [
                   "meta",
                   "collection"
                 ]
               },
               {
                 "name": "table_calendar",
                 "version": "3.0.9",
                 "kind": "direct",
                 "source": "hosted",
                 "dependencies": [
                   "flutter",
                   "intl",
                   "simple_gesture_detector"
                 ],
                 "directDependencies": [
                   "flutter",
                   "intl",
                   "simple_gesture_detector"
                 ]
               },
               {
                 "name": "simple_gesture_detector",
                 "version": "0.2.1",
                 "kind": "transitive",
                 "source": "hosted",
                 "dependencies": [
                   "flutter"
                 ],
                 "directDependencies": [
                   "flutter"
                 ]
               },
               {
                 "name": "flutter_local_notifications",
                 "version": "15.1.3",
                 "kind": "direct",
                 "source": "hosted",
                 "dependencies": [
                   "clock",
                   "flutter",
                   "flutter_local_notifications_linux",
                   "flutter_local_notifications_platform_interface",
                   "timezone"
                 ],
                 "directDependencies": [
                   "clock",
                   "flutter",
                   "flutter_local_notifications_linux",
                   "flutter_local_notifications_platform_interface",
                   "timezone"
                 ]
               },
               {
                 "name": "timezone",
                 "version": "0.9.4",
                 "kind": "transitive",
                 "source": "hosted",
                 "dependencies": [
                   "path"
                 ],
                 "directDependencies": [
                   "path"
                 ]
               },
               {
                 "name": "flutter_local_notifications_platform_interface",
                 "version": "7.2.0",
                 "kind": "transitive",
                 "source": "hosted",
                 "dependencies": [
                   "flutter",
                   "plugin_platform_interface"
                 ],
                 "directDependencies": [
                   "flutter",
                   "plugin_platform_interface"
                 ]
               },
               {
                 "name": "flutter_local_notifications_linux",
                 "version": "4.0.1",
                 "kind": "transitive",
                 "source": "hosted",
                 "dependencies": [
                   "dbus",
                   "ffi",
                   "flutter",
                   "flutter_local_notifications_platform_interface",
                   "path",
                   "xdg_directories"
                 ],
                 "directDependencies": [
                   "dbus",
                   "ffi",
                   "flutter",
                   "flutter_local_notifications_platform_interface",
                   "path",
                   "xdg_directories"
                 ]
               },
               {
                 "name": "dbus",
                 "version": "0.7.11",
                 "kind": "transitive",
                 "source": "hosted",
                 "dependencies": [
                   "args",
                   "ffi",
                   "meta",
                   "xml"
                 ],
                 "directDependencies": [
                   "args",
                   "ffi",
                   "meta",
                   "xml"
                 ]
               },
               {
                 "name": "xml",
                 "version": "6.5.0",
                 "kind": "transitive",
                 "source": "hosted",
                 "dependencies": [
                   "collection",
                   "meta",
                   "petitparser"
                 ],
                 "directDependencies": [
                   "collection",
                   "meta",
                   "petitparser"
                 ]
               },
               {
                 "name": "permission_handler",
                 "version": "11.4.0",
                 "kind": "direct",
                 "source": "hosted",
                 "dependencies": [
                   "flutter",
                   "meta",
                   "permission_handler_android",
                   "permission_handler_apple",
                   "permission_handler_html",
                   "permission_handler_windows",
                   "permission_handler_platform_interface"
                 ],
                 "directDependencies": [
                   "flutter",
                   "meta",
                   "permission_handler_android",
                   "permission_handler_apple",
                   "permission_handler_html",
                   "permission_handler_windows",
                   "permission_handler_platform_interface"
                 ]
               },
               {
                 "name": "permission_handler_platform_interface",
                 "version": "4.3.0",
                 "kind": "transitive",
                 "source": "hosted",
                 "dependencies": [
                   "flutter",
                   "meta",
                   "plugin_platform_interface"
                 ],
                 "directDependencies": [
                   "flutter",
                   "meta",
                   "plugin_platform_interface"
                 ]
               },
               {
                 "name": "permission_handler_windows",
                 "version": "0.2.1",
                 "kind": "transitive",
                 "source": "hosted",
                 "dependencies": [
                   "flutter",
                   "permission_handler_platform_interface"
                 ],
                 "directDependencies": [
                   "flutter",
                   "permission_handler_platform_interface"
                 ]
               },
               {
                 "name": "permission_handler_html",
                 "version": "0.1.3+5",
                 "kind": "transitive",
                 "source": "hosted",
                 "dependencies": [
                   "flutter",
                   "flutter_web_plugins",
                   "permission_handler_platform_interface",
                   "web"
                 ],
                 "directDependencies": [
                   "flutter",
                   "flutter_web_plugins",
                   "permission_handler_platform_interface",
                   "web"
                 ]
               },
               {
                 "name": "permission_handler_apple",
                 "version": "9.4.7",
                 "kind": "transitive",
                 "source": "hosted",
                 "dependencies": [
                   "flutter",
                   "permission_handler_platform_interface"
                 ],
                 "directDependencies": [
                   "flutter",
                   "permission_handler_platform_interface"
                 ]
               },
               {
                 "name": "permission_handler_android",
                 "version": "12.1.0",
                 "kind": "transitive",
                 "source": "hosted",
                 "dependencies": [
                   "flutter",
                   "permission_handler_platform_interface"
                 ],
                 "directDependencies": [
                   "flutter",
                   "permission_handler_platform_interface"
                 ]
               },
               {
                 "name": "printing",
                 "version": "5.14.2",
                 "kind": "direct",
                 "source": "hosted",
                 "dependencies": [
                   "ffi",
                   "flutter",
                   "flutter_web_plugins",
                   "http",
                   "image",
                   "meta",
                   "pdf",
                   "pdf_widget_wrapper",
                   "plugin_platform_interface",
                   "web"
                 ],
                 "directDependencies": [
                   "ffi",
                   "flutter",
                   "flutter_web_plugins",
                   "http",
                   "image",
                   "meta",
                   "pdf",
                   "pdf_widget_wrapper",
                   "plugin_platform_interface",
                   "web"
                 ]
               },
               {
                 "name": "pdf_widget_wrapper",
                 "version": "1.0.4",
                 "kind": "transitive",
                 "source": "hosted",
                 "dependencies": [
                   "flutter",
                   "pdf"
                 ],
                 "directDependencies": [
                   "flutter",
                   "pdf"
                 ]
               },
               {
                 "name": "pdf",
                 "version": "3.11.3",
                 "kind": "direct",
                 "source": "hosted",
                 "dependencies": [
                   "archive",
                   "barcode",
                   "bidi",
                   "crypto",
                   "image",
                   "meta",
                   "path_parsing",
                   "vector_math",
                   "xml"
                 ],
                 "directDependencies": [
                   "archive",
                   "barcode",
                   "bidi",
                   "crypto",
                   "image",
                   "meta",
                   "path_parsing",
                   "vector_math",
                   "xml"
                 ]
               },
               {
                 "name": "path_parsing",
                 "version": "1.1.0",
                 "kind": "transitive",
                 "source": "hosted",
                 "dependencies": [
                   "meta",
                   "vector_math"
                 ],
                 "directDependencies": [
                   "meta",
                   "vector_math"
                 ]
               },
               {
                 "name": "image",
                 "version": "4.5.4",
                 "kind": "transitive",
                 "source": "hosted",
                 "dependencies": [
                   "archive",
                   "meta",
                   "xml"
                 ],
                 "directDependencies": [
                   "archive",
                   "meta",
                   "xml"
                 ]
               },
               {
                 "name": "archive",
                 "version": "4.0.7",
                 "kind": "transitive",
                 "source": "hosted",
                 "dependencies": [
                   "crypto",
                   "path",
                   "posix"
                 ],
                 "directDependencies": [
                   "crypto",
                   "path",
                   "posix"
                 ]
               },
               {
                 "name": "posix",
                 "version": "6.0.3",
                 "kind": "transitive",
                 "source": "hosted",
                 "dependencies": [
                   "ffi",
                   "meta",
                   "path"
                 ],
                 "directDependencies": [
                   "ffi",
                   "meta",
                   "path"
                 ]
               },
               {
                 "name": "bidi",
                 "version": "2.0.13",
                 "kind": "transitive",
                 "source": "hosted",
                 "dependencies": [],
                 "directDependencies": []
               },
               {
                 "name": "barcode",
                 "version": "2.2.9",
                 "kind": "transitive",
                 "source": "hosted",
                 "dependencies": [
                   "meta",
                   "qr"
                 ],
                 "directDependencies": [
                   "meta",
                   "qr"
                 ]
               },
               {
                 "name": "qr",
                 "version": "3.0.2",
                 "kind": "transitive",
                 "source": "hosted",
                 "dependencies": [
                   "meta"
                 ],
                 "directDependencies": [
                   "meta"
                 ]
               },
               {
                 "name": "photo_view",
                 "version": "0.14.0",
                 "kind": "direct",
                 "source": "hosted",
                 "dependencies": [
                   "flutter"
                 ],
                 "directDependencies": [
                   "flutter"
                 ]
               },
               {
                 "name": "image_picker",
                 "version": "1.1.2",
                 "kind": "direct",
                 "source": "hosted",
                 "dependencies": [
                   "flutter",
                   "image_picker_android",
                   "image_picker_for_web",
                   "image_picker_ios",
                   "image_picker_linux",
                   "image_picker_macos",
                   "image_picker_platform_interface",
                   "image_picker_windows"
                 ],
                 "directDependencies": [
                   "flutter",
                   "image_picker_android",
                   "image_picker_for_web",
                   "image_picker_ios",
                   "image_picker_linux",
                   "image_picker_macos",
                   "image_picker_platform_interface",
                   "image_picker_windows"
                 ]
               },
               {
                 "name": "image_picker_windows",
                 "version": "0.2.1+1",
                 "kind": "transitive",
                 "source": "hosted",
                 "dependencies": [
                   "file_selector_platform_interface",
                   "file_selector_windows",
                   "flutter",
                   "image_picker_platform_interface"
                 ],
                 "directDependencies": [
                   "file_selector_platform_interface",
                   "file_selector_windows",
                   "flutter",
                   "image_picker_platform_interface"
                 ]
               },
               {
                 "name": "image_picker_platform_interface",
                 "version": "2.10.1",
                 "kind": "transitive",
                 "source": "hosted",
                 "dependencies": [
                   "cross_file",
                   "flutter",
                   "http",
                   "plugin_platform_interface"
                 ],
                 "directDependencies": [
                   "cross_file",
                   "flutter",
                   "http",
                   "plugin_platform_interface"
                 ]
               },
               {
                 "name": "file_selector_windows",
                 "version": "0.9.3+4",
                 "kind": "transitive",
                 "source": "hosted",
                 "dependencies": [
                   "cross_file",
                   "file_selector_platform_interface",
                   "flutter"
                 ],
                 "directDependencies": [
                   "cross_file",
                   "file_selector_platform_interface",
                   "flutter"
                 ]
               },
               {
                 "name": "file_selector_platform_interface",
                 "version": "2.6.2",
                 "kind": "transitive",
                 "source": "hosted",
                 "dependencies": [
                   "cross_file",
                   "flutter",
                   "http",
                   "plugin_platform_interface"
                 ],
                 "directDependencies": [
                   "cross_file",
                   "flutter",
                   "http",
                   "plugin_platform_interface"
                 ]
               },
               {
                 "name": "image_picker_macos",
                 "version": "0.2.1+2",
                 "kind": "transitive",
                 "source": "hosted",
                 "dependencies": [
                   "file_selector_macos",
                   "file_selector_platform_interface",
                   "flutter",
                   "image_picker_platform_interface"
                 ],
                 "directDependencies": [
                   "file_selector_macos",
                   "file_selector_platform_interface",
                   "flutter",
                   "image_picker_platform_interface"
                 ]
               },
               {
                 "name": "file_selector_macos",
                 "version": "0.9.4+3",
                 "kind": "transitive",
                 "source": "hosted",
                 "dependencies": [
                   "cross_file",
                   "file_selector_platform_interface",
                   "flutter"
                 ],
                 "directDependencies": [
                   "cross_file",
                   "file_selector_platform_interface",
                   "flutter"
                 ]
               },
               {
                 "name": "image_picker_linux",
                 "version": "0.2.1+2",
                 "kind": "transitive",
                 "source": "hosted",
                 "dependencies": [
                   "file_selector_linux",
                   "file_selector_platform_interface",
                   "flutter",
                   "image_picker_platform_interface"
                 ],
                 "directDependencies": [
                   "file_selector_linux",
                   "file_selector_platform_interface",
                   "flutter",
                   "image_picker_platform_interface"
                 ]
               },
               {
                 "name": "file_selector_linux",
                 "version": "0.9.3+2",
                 "kind": "transitive",
                 "source": "hosted",
                 "dependencies": [
                   "cross_file",
                   "file_selector_platform_interface",
                   "flutter"
                 ],
                 "directDependencies": [
                   "cross_file",
                   "file_selector_platform_interface",
                   "flutter"
                 ]
               },
               {
                 "name": "image_picker_ios",
                 "version": "0.8.12+2",
                 "kind": "transitive",
                 "source": "hosted",
                 "dependencies": [
                   "flutter",
                   "image_picker_platform_interface"
                 ],
                 "directDependencies": [
                   "flutter",
                   "image_picker_platform_interface"
                 ]
               },
               {
                 "name": "image_picker_for_web",
                 "version": "3.0.6",
                 "kind": "transitive",
                 "source": "hosted",
                 "dependencies": [
                   "flutter",
                   "flutter_web_plugins",
                   "image_picker_platform_interface",
                   "mime",
                   "web"
                 ],
                 "directDependencies": [
                   "flutter",
                   "flutter_web_plugins",
                   "image_picker_platform_interface",
                   "mime",
                   "web"
                 ]
               },
               {
                 "name": "image_picker_android",
                 "version": "0.8.12+23",
                 "kind": "transitive",
                 "source": "hosted",
                 "dependencies": [
                   "flutter",
                   "flutter_plugin_android_lifecycle",
                   "image_picker_platform_interface"
                 ],
                 "directDependencies": [
                   "flutter",
                   "flutter_plugin_android_lifecycle",
                   "image_picker_platform_interface"
                 ]
               },
               {
                 "name": "flutter_plugin_android_lifecycle",
                 "version": "2.0.28",
                 "kind": "transitive",
                 "source": "hosted",
                 "dependencies": [
                   "flutter"
                 ],
                 "directDependencies": [
                   "flutter"
                 ]
               },
               {
                 "name": "camera",
                 "version": "0.10.6",
                 "kind": "direct",
                 "source": "hosted",
                 "dependencies": [
                   "camera_android",
                   "camera_avfoundation",
                   "camera_platform_interface",
                   "camera_web",
                   "flutter",
                   "flutter_plugin_android_lifecycle"
                 ],
                 "directDependencies": [
                   "camera_android",
                   "camera_avfoundation",
                   "camera_platform_interface",
                   "camera_web",
                   "flutter",
                   "flutter_plugin_android_lifecycle"
                 ]
               },
               {
                 "name": "camera_web",
                 "version": "0.3.5",
                 "kind": "transitive",
                 "source": "hosted",
                 "dependencies": [
                   "camera_platform_interface",
                   "flutter",
                   "flutter_web_plugins",
                   "stream_transform",
                   "web"
                 ],
                 "directDependencies": [
                   "camera_platform_interface",
                   "flutter",
                   "flutter_web_plugins",
                   "stream_transform",
                   "web"
                 ]
               },
               {
                 "name": "camera_platform_interface",
                 "version": "2.10.0",
                 "kind": "transitive",
                 "source": "hosted",
                 "dependencies": [
                   "cross_file",
                   "flutter",
                   "plugin_platform_interface",
                   "stream_transform"
                 ],
                 "directDependencies": [
                   "cross_file",
                   "flutter",
                   "plugin_platform_interface",
                   "stream_transform"
                 ]
               },
               {
                 "name": "camera_avfoundation",
                 "version": "0.9.20+1",
                 "kind": "transitive",
                 "source": "hosted",
                 "dependencies": [
                   "camera_platform_interface",
                   "flutter",
                   "stream_transform"
                 ],
                 "directDependencies": [
                   "camera_platform_interface",
                   "flutter",
                   "stream_transform"
                 ]
               },
               {
                 "name": "camera_android",
                 "version": "0.10.10+3",
                 "kind": "transitive",
                 "source": "hosted",
                 "dependencies": [
                   "camera_platform_interface",
                   "flutter",
                   "flutter_plugin_android_lifecycle",
                   "stream_transform"
                 ],
                 "directDependencies": [
                   "camera_platform_interface",
                   "flutter",
                   "flutter_plugin_android_lifecycle",
                   "stream_transform"
                 ]
               },
               {
                 "name": "cached_network_image",
                 "version": "3.4.1",
                 "kind": "direct",
                 "source": "hosted",
                 "dependencies": [
                   "cached_network_image_platform_interface",
                   "cached_network_image_web",
                   "flutter",
                   "flutter_cache_manager",
                   "octo_image"
                 ],
                 "directDependencies": [
                   "cached_network_image_platform_interface",
                   "cached_network_image_web",
                   "flutter",
                   "flutter_cache_manager",
                   "octo_image"
                 ]
               },
               {
                 "name": "octo_image",
                 "version": "2.1.0",
                 "kind": "transitive",
                 "source": "hosted",
                 "dependencies": [
                   "flutter"
                 ],
                 "directDependencies": [
                   "flutter"
                 ]
               },
               {
                 "name": "flutter_cache_manager",
                 "version": "3.4.1",
                 "kind": "transitive",
                 "source": "hosted",
                 "dependencies": [
                   "clock",
                   "collection",
                   "file",
                   "flutter",
                   "http",
                   "path",
                   "path_provider",
                   "rxdart",
                   "sqflite",
                   "uuid"
                 ],
                 "directDependencies": [
                   "clock",
                   "collection",
                   "file",
                   "flutter",
                   "http",
                   "path",
                   "path_provider",
                   "rxdart",
                   "sqflite",
                   "uuid"
                 ]
               },
               {
                 "name": "sqflite",
                 "version": "2.4.2",
                 "kind": "direct",
                 "source": "hosted",
                 "dependencies": [
                   "flutter",
                   "sqflite_android",
                   "sqflite_darwin",
                   "sqflite_platform_interface",
                   "sqflite_common",
                   "path"
                 ],
                 "directDependencies": [
                   "flutter",
                   "sqflite_android",
                   "sqflite_darwin",
                   "sqflite_platform_interface",
                   "sqflite_common",
                   "path"
                 ]
               },
               {
                 "name": "sqflite_common",
                 "version": "2.5.5",
                 "kind": "transitive",
                 "source": "hosted",
                 "dependencies": [
                   "synchronized",
                   "path",
                   "meta"
                 ],
                 "directDependencies": [
                   "synchronized",
                   "path",
                   "meta"
                 ]
               },
               {
                 "name": "synchronized",
                 "version": "3.4.0",
                 "kind": "transitive",
                 "source": "hosted",
                 "dependencies": [],
                 "directDependencies": []
               },
               {
                 "name": "sqflite_platform_interface",
                 "version": "2.4.0",
                 "kind": "transitive",
                 "source": "hosted",
                 "dependencies": [
                   "flutter",
                   "platform",
                   "sqflite_common",
                   "plugin_platform_interface",
                   "meta"
                 ],
                 "directDependencies": [
                   "flutter",
                   "platform",
                   "sqflite_common",
                   "plugin_platform_interface",
                   "meta"
                 ]
               },
               {
                 "name": "sqflite_darwin",
                 "version": "2.4.2",
                 "kind": "transitive",
                 "source": "hosted",
                 "dependencies": [
                   "flutter",
                   "sqflite_platform_interface",
                   "meta",
                   "sqflite_common",
                   "path"
                 ],
                 "directDependencies": [
                   "flutter",
                   "sqflite_platform_interface",
                   "meta",
                   "sqflite_common",
                   "path"
                 ]
               },
               {
                 "name": "sqflite_android",
                 "version": "2.4.1",
                 "kind": "transitive",
                 "source": "hosted",
                 "dependencies": [
                   "flutter",
                   "sqflite_common",
                   "path",
                   "sqflite_platform_interface"
                 ],
                 "directDependencies": [
                   "flutter",
                   "sqflite_common",
                   "path",
                   "sqflite_platform_interface"
                 ]
               },
               {
                 "name": "rxdart",
                 "version": "0.28.0",
                 "kind": "transitive",
                 "source": "hosted",
                 "dependencies": [],
                 "directDependencies": []
               },
               {
                 "name": "cached_network_image_web",
                 "version": "1.3.1",
                 "kind": "transitive",
                 "source": "hosted",
                 "dependencies": [
                   "cached_network_image_platform_interface",
                   "flutter",
                   "flutter_cache_manager",
                   "web"
                 ],
                 "directDependencies": [
                   "cached_network_image_platform_interface",
                   "flutter",
                   "flutter_cache_manager",
                   "web"
                 ]
               },
               {
                 "name": "cached_network_image_platform_interface",
                 "version": "4.1.1",
                 "kind": "transitive",
                 "source": "hosted",
                 "dependencies": [
                   "flutter",
                   "flutter_cache_manager"
                 ],
                 "directDependencies": [
                   "flutter",
                   "flutter_cache_manager"
                 ]
               },
               {
                 "name": "flutter_svg",
                 "version": "2.2.0",
                 "kind": "direct",
                 "source": "hosted",
                 "dependencies": [
                   "flutter",
                   "http",
                   "vector_graphics",
                   "vector_graphics_codec",
                   "vector_graphics_compiler"
                 ],
                 "directDependencies": [
                   "flutter",
                   "http",
                   "vector_graphics",
                   "vector_graphics_codec",
                   "vector_graphics_compiler"
                 ]
               },
               {
                 "name": "vector_graphics_compiler",
                 "version": "1.1.17",
                 "kind": "transitive",
                 "source": "hosted",
                 "dependencies": [
                   "args",
                   "meta",
                   "path",
                   "path_parsing",
                   "vector_graphics_codec",
                   "xml"
                 ],
                 "directDependencies": [
                   "args",
                   "meta",
                   "path",
                   "path_parsing",
                   "vector_graphics_codec",
                   "xml"
                 ]
               },
               {
                 "name": "vector_graphics_codec",
                 "version": "1.1.13",
                 "kind": "transitive",
                 "source": "hosted",
                 "dependencies": [],
                 "directDependencies": []
               },
               {
                 "name": "vector_graphics",
                 "version": "1.1.19",
                 "kind": "transitive",
                 "source": "hosted",
                 "dependencies": [
                   "flutter",
                   "http",
                   "vector_graphics_codec"
                 ],
                 "directDependencies": [
                   "flutter",
                   "http",
                   "vector_graphics_codec"
                 ]
               },
               {
                 "name": "connectivity_plus",
                 "version": "4.0.2",
                 "kind": "direct",
                 "source": "hosted",
                 "dependencies": [
                   "flutter",
                   "flutter_web_plugins",
                   "connectivity_plus_platform_interface",
                   "js",
                   "meta",
                   "nm"
                 ],
                 "directDependencies": [
                   "flutter",
                   "flutter_web_plugins",
                   "connectivity_plus_platform_interface",
                   "js",
                   "meta",
                   "nm"
                 ]
               },
               {
                 "name": "nm",
                 "version": "0.5.0",
                 "kind": "transitive",
                 "source": "hosted",
                 "dependencies": [
                   "dbus"
                 ],
                 "directDependencies": [
                   "dbus"
                 ]
               },
               {
                 "name": "connectivity_plus_platform_interface",
                 "version": "1.2.4",
                 "kind": "transitive",
                 "source": "hosted",
                 "dependencies": [
                   "flutter",
                   "meta",
                   "plugin_platform_interface"
                 ],
                 "directDependencies": [
                   "flutter",
                   "meta",
                   "plugin_platform_interface"
                 ]
               },
               {
                 "name": "dio",
                 "version": "5.8.0+1",
                 "kind": "direct",
                 "source": "hosted",
                 "dependencies": [
                   "async",
                   "collection",
                   "http_parser",
                   "meta",
                   "path",
                   "dio_web_adapter"
                 ],
                 "directDependencies": [
                   "async",
                   "collection",
                   "http_parser",
                   "meta",
                   "path",
                   "dio_web_adapter"
                 ]
               },
               {
                 "name": "dio_web_adapter",
                 "version": "2.1.1",
                 "kind": "transitive",
                 "source": "hosted",
                 "dependencies": [
                   "dio",
                   "http_parser",
                   "meta",
                   "web"
                 ],
                 "directDependencies": [
                   "dio",
                   "http_parser",
                   "meta",
                   "web"
                 ]
               },
               {
                 "name": "hive_flutter",
                 "version": "1.1.0",
                 "kind": "direct",
                 "source": "hosted",
                 "dependencies": [
                   "flutter",
                   "hive",
                   "path_provider",
                   "path"
                 ],
                 "directDependencies": [
                   "flutter",
                   "hive",
                   "path_provider",
                   "path"
                 ]
               },
               {
                 "name": "geolocator",
                 "version": "9.0.2",
                 "kind": "direct",
                 "source": "hosted",
                 "dependencies": [
                   "flutter",
                   "geolocator_platform_interface",
                   "geolocator_android",
                   "geolocator_apple",
                   "geolocator_web",
                   "geolocator_windows"
                 ],
                 "directDependencies": [
                   "flutter",
                   "geolocator_platform_interface",
                   "geolocator_android",
                   "geolocator_apple",
                   "geolocator_web",
                   "geolocator_windows"
                 ]
               },
               {
                 "name": "geolocator_windows",
                 "version": "0.1.3",
                 "kind": "transitive",
                 "source": "hosted",
                 "dependencies": [
                   "flutter",
                   "geolocator_platform_interface"
                 ],
                 "directDependencies": [
                   "flutter",
                   "geolocator_platform_interface"
                 ]
               },
               {
                 "name": "geolocator_platform_interface",
                 "version": "4.2.6",
                 "kind": "transitive",
                 "source": "hosted",
                 "dependencies": [
                   "flutter",
                   "plugin_platform_interface",
                   "vector_math",
                   "meta"
                 ],
                 "directDependencies": [
                   "flutter",
                   "plugin_platform_interface",
                   "vector_math",
                   "meta"
                 ]
               },
               {
                 "name": "geolocator_web",
                 "version": "2.2.1",
                 "kind": "transitive",
                 "source": "hosted",
                 "dependencies": [
                   "flutter",
                   "flutter_web_plugins",
                   "geolocator_platform_interface"
                 ],
                 "directDependencies": [
                   "flutter",
                   "flutter_web_plugins",
                   "geolocator_platform_interface"
                 ]
               },
               {
                 "name": "geolocator_apple",
                 "version": "2.3.13",
                 "kind": "transitive",
                 "source": "hosted",
                 "dependencies": [
                   "flutter",
                   "geolocator_platform_interface"
                 ],
                 "directDependencies": [
                   "flutter",
                   "geolocator_platform_interface"
                 ]
               },
               {
                 "name": "geolocator_android",
                 "version": "4.6.2",
                 "kind": "transitive",
                 "source": "hosted",
                 "dependencies": [
                   "flutter",
                   "geolocator_platform_interface",
                   "meta",
                   "uuid"
                 ],
                 "directDependencies": [
                   "flutter",
                   "geolocator_platform_interface",
                   "meta",
                   "uuid"
                 ]
               },
               {
                 "name": "geocoding",
                 "version": "2.2.2",
                 "kind": "direct",
                 "source": "hosted",
                 "dependencies": [
                   "flutter",
                   "geocoding_platform_interface",
                   "geocoding_android",
                   "geocoding_ios"
                 ],
                 "directDependencies": [
                   "flutter",
                   "geocoding_platform_interface",
                   "geocoding_android",
                   "geocoding_ios"
                 ]
               },
               {
                 "name": "geocoding_ios",
                 "version": "2.3.0",
                 "kind": "transitive",
                 "source": "hosted",
                 "dependencies": [
                   "flutter",
                   "geocoding_platform_interface"
                 ],
                 "directDependencies": [
                   "flutter",
                   "geocoding_platform_interface"
                 ]
               },
               {
                 "name": "geocoding_platform_interface",
                 "version": "3.2.0",
                 "kind": "transitive",
                 "source": "hosted",
                 "dependencies": [
                   "flutter",
                   "meta",
                   "plugin_platform_interface"
                 ],
                 "directDependencies": [
                   "flutter",
                   "meta",
                   "plugin_platform_interface"
                 ]
               },
               {
                 "name": "geocoding_android",
                 "version": "3.3.1",
                 "kind": "transitive",
                 "source": "hosted",
                 "dependencies": [
                   "flutter",
                   "geocoding_platform_interface"
                 ],
                 "directDependencies": [
                   "flutter",
                   "geocoding_platform_interface"
                 ]
               },
               {
                 "name": "location",
                 "version": "5.0.3",
                 "kind": "direct",
                 "source": "hosted",
                 "dependencies": [
                   "flutter",
                   "location_platform_interface",
                   "location_web"
                 ],
                 "directDependencies": [
                   "flutter",
                   "location_platform_interface",
                   "location_web"
                 ]
               },
               {
                 "name": "location_web",
                 "version": "4.2.0",
                 "kind": "transitive",
                 "source": "hosted",
                 "dependencies": [
                   "flutter",
                   "flutter_web_plugins",
                   "http_parser",
                   "js",
                   "location_platform_interface"
                 ],
                 "directDependencies": [
                   "flutter",
                   "flutter_web_plugins",
                   "http_parser",
                   "js",
                   "location_platform_interface"
                 ]
               },
               {
                 "name": "location_platform_interface",
                 "version": "3.1.2",
                 "kind": "transitive",
                 "source": "hosted",
                 "dependencies": [
                   "flutter",
                   "plugin_platform_interface"
                 ],
                 "directDependencies": [
                   "flutter",
                   "plugin_platform_interface"
                 ]
               },
               {
                 "name": "google_maps_flutter",
                 "version": "2.12.3",
                 "kind": "direct",
                 "source": "hosted",
                 "dependencies": [
                   "flutter",
                   "google_maps_flutter_android",
                   "google_maps_flutter_ios",
                   "google_maps_flutter_platform_interface",
                   "google_maps_flutter_web"
                 ],
                 "directDependencies": [
                   "flutter",
                   "google_maps_flutter_android",
                   "google_maps_flutter_ios",
                   "google_maps_flutter_platform_interface",
                   "google_maps_flutter_web"
                 ]
               },
               {
                 "name": "google_maps_flutter_web",
                 "version": "0.5.12+2",
                 "kind": "transitive",
                 "source": "hosted",
                 "dependencies": [
                   "collection",
                   "flutter",
                   "flutter_web_plugins",
                   "google_maps",
                   "google_maps_flutter_platform_interface",
                   "sanitize_html",
                   "stream_transform",
                   "web"
                 ],
                 "directDependencies": [
                   "collection",
                   "flutter",
                   "flutter_web_plugins",
                   "google_maps",
                   "google_maps_flutter_platform_interface",
                   "sanitize_html",
                   "stream_transform",
                   "web"
                 ]
               },
               {
                 "name": "sanitize_html",
                 "version": "2.1.0",
                 "kind": "transitive",
                 "source": "hosted",
                 "dependencies": [
                   "html",
                   "meta"
                 ],
                 "directDependencies": [
                   "html",
                   "meta"
                 ]
               },
               {
                 "name": "html",
                 "version": "0.15.6",
                 "kind": "transitive",
                 "source": "hosted",
                 "dependencies": [
                   "csslib",
                   "source_span"
                 ],
                 "directDependencies": [
                   "csslib",
                   "source_span"
                 ]
               },
               {
                 "name": "csslib",
                 "version": "1.0.2",
                 "kind": "transitive",
                 "source": "hosted",
                 "dependencies": [
                   "source_span"
                 ],
                 "directDependencies": [
                   "source_span"
                 ]
               },
               {
                 "name": "google_maps_flutter_platform_interface",
                 "version": "2.12.1",
                 "kind": "transitive",
                 "source": "hosted",
                 "dependencies": [
                   "collection",
                   "flutter",
                   "plugin_platform_interface",
                   "stream_transform"
                 ],
                 "directDependencies": [
                   "collection",
                   "flutter",
                   "plugin_platform_interface",
                   "stream_transform"
                 ]
               },
               {
                 "name": "google_maps",
                 "version": "8.1.1",
                 "kind": "transitive",
                 "source": "hosted",
                 "dependencies": [
                   "meta",
                   "web"
                 ],
                 "directDependencies": [
                   "meta",
                   "web"
                 ]
               },
               {
                 "name": "google_maps_flutter_ios",
                 "version": "2.15.4",
                 "kind": "transitive",
                 "source": "hosted",
                 "dependencies": [
                   "flutter",
                   "google_maps_flutter_platform_interface",
                   "stream_transform"
                 ],
                 "directDependencies": [
                   "flutter",
                   "google_maps_flutter_platform_interface",
                   "stream_transform"
                 ]
               },
               {
                 "name": "google_maps_flutter_android",
                 "version": "2.16.2",
                 "kind": "transitive",
                 "source": "hosted",
                 "dependencies": [
                   "flutter",
                   "flutter_plugin_android_lifecycle",
                   "google_maps_flutter_platform_interface",
                   "stream_transform"
                 ],
                 "directDependencies": [
                   "flutter",
                   "flutter_plugin_android_lifecycle",
                   "google_maps_flutter_platform_interface",
                   "stream_transform"
                 ]
               },
               {
                 "name": "flutter_bloc",
                 "version": "8.1.6",
                 "kind": "direct",
                 "source": "hosted",
                 "dependencies": [
                   "bloc",
                   "flutter",
                   "provider"
                 ],
                 "directDependencies": [
                   "bloc",
                   "flutter",
                   "provider"
                 ]
               },
               {
                 "name": "provider",
                 "version": "6.1.5",
                 "kind": "direct",
                 "source": "hosted",
                 "dependencies": [
                   "collection",
                   "flutter",
                   "nested"
                 ],
                 "directDependencies": [
                   "collection",
                   "flutter",
                   "nested"
                 ]
               },
               {
                 "name": "nested",
                 "version": "1.0.0",
                 "kind": "transitive",
                 "source": "hosted",
                 "dependencies": [
                   "flutter"
                 ],
                 "directDependencies": [
                   "flutter"
                 ]
               },
               {
                 "name": "bloc",
                 "version": "8.1.4",
                 "kind": "transitive",
                 "source": "hosted",
                 "dependencies": [
                   "meta"
                 ],
                 "directDependencies": [
                   "meta"
                 ]
               },
               {
                 "name": "cupertino_icons",
                 "version": "1.0.8",
                 "kind": "direct",
                 "source": "hosted",
                 "dependencies": [],
                 "directDependencies": []
               }
             ],
             "sdks": [
               {
                 "name": "Dart",
                 "version": "3.8.1"
               },
               {
                 "name": "Flutter",
                 "version": "3.32.5"
               }
             ],
             "executables": [
               "math_expressions:interpreter",
               "mockito:codegen",
               "build_runner",
               "build_runner:graph_inspector"
             ]
           }
[  +93 ms] Found plugin camera at /home/ubuntu/.pub-cache/hosted/pub.dev/camera-0.10.6/
[   +6 ms] Found plugin camera_android at /home/ubuntu/.pub-cache/hosted/pub.dev/camera_android-0.10.10+3/
[   +3 ms] Found plugin camera_avfoundation at /home/ubuntu/.pub-cache/hosted/pub.dev/camera_avfoundation-0.9.20+1/
[   +3 ms] Found plugin camera_web at /home/ubuntu/.pub-cache/hosted/pub.dev/camera_web-0.3.5/
[   +6 ms] Found plugin cloud_firestore at /home/ubuntu/.pub-cache/hosted/pub.dev/cloud_firestore-4.17.5/
[   +9 ms] Found plugin cloud_firestore_web at /home/ubuntu/.pub-cache/hosted/pub.dev/cloud_firestore_web-3.12.5/
[   +3 ms] Found plugin connectivity_plus at /home/ubuntu/.pub-cache/hosted/pub.dev/connectivity_plus-4.0.2/
[  +15 ms] Found plugin file_selector_linux at /home/ubuntu/.pub-cache/hosted/pub.dev/file_selector_linux-0.9.3+2/
[   +1 ms] Found plugin file_selector_macos at /home/ubuntu/.pub-cache/hosted/pub.dev/file_selector_macos-0.9.4+3/
[   +3 ms] Found plugin file_selector_windows at /home/ubuntu/.pub-cache/hosted/pub.dev/file_selector_windows-0.9.3+4/
[   +1 ms] Found plugin firebase_auth at /home/ubuntu/.pub-cache/hosted/pub.dev/firebase_auth-4.16.0/
[   +2 ms] Found plugin firebase_auth_web at /home/ubuntu/.pub-cache/hosted/pub.dev/firebase_auth_web-5.8.13/
[   +1 ms] Found plugin firebase_core at /home/ubuntu/.pub-cache/hosted/pub.dev/firebase_core-2.32.0/
[   +2 ms] Found plugin firebase_core_web at /home/ubuntu/.pub-cache/hosted/pub.dev/firebase_core_web-2.24.0/
[   +1 ms] Found plugin firebase_messaging at /home/ubuntu/.pub-cache/hosted/pub.dev/firebase_messaging-14.7.10/
[   +2 ms] Found plugin firebase_messaging_web at /home/ubuntu/.pub-cache/hosted/pub.dev/firebase_messaging_web-3.5.18/
[   +1 ms] Found plugin firebase_storage at /home/ubuntu/.pub-cache/hosted/pub.dev/firebase_storage-11.6.5/
[   +2 ms] Found plugin firebase_storage_web at /home/ubuntu/.pub-cache/hosted/pub.dev/firebase_storage_web-3.6.22/
[   +6 ms] Found plugin flutter_local_notifications at /home/ubuntu/.pub-cache/hosted/pub.dev/flutter_local_notifications-15.1.3/
[   +1 ms] Found plugin flutter_local_notifications_linux at /home/ubuntu/.pub-cache/hosted/pub.dev/flutter_local_notifications_linux-4.0.1/
[   +2 ms] Found plugin flutter_plugin_android_lifecycle at /home/ubuntu/.pub-cache/hosted/pub.dev/flutter_plugin_android_lifecycle-2.0.28/
[   +3 ms] Found plugin flutter_secure_storage at /home/ubuntu/.pub-cache/hosted/pub.dev/flutter_secure_storage-9.2.4/
[   +1 ms] Found plugin flutter_secure_storage_linux at /home/ubuntu/.pub-cache/hosted/pub.dev/flutter_secure_storage_linux-1.2.3/
[   +1 ms] Found plugin flutter_secure_storage_macos at /home/ubuntu/.pub-cache/hosted/pub.dev/flutter_secure_storage_macos-3.1.3/
[   +2 ms] Found plugin flutter_secure_storage_web at /home/ubuntu/.pub-cache/hosted/pub.dev/flutter_secure_storage_web-1.2.1/
[   +1 ms] Found plugin flutter_secure_storage_windows at /home/ubuntu/.pub-cache/hosted/pub.dev/flutter_secure_storage_windows-3.1.2/
[   +3 ms] Found plugin geocoding at /home/ubuntu/.pub-cache/hosted/pub.dev/geocoding-2.2.2/
[   +1 ms] Found plugin geocoding_android at /home/ubuntu/.pub-cache/hosted/pub.dev/geocoding_android-3.3.1/
[   +1 ms] Found plugin geocoding_ios at /home/ubuntu/.pub-cache/hosted/pub.dev/geocoding_ios-2.3.0/
[   +2 ms] Found plugin geolocator at /home/ubuntu/.pub-cache/hosted/pub.dev/geolocator-9.0.2/
[   +1 ms] Found plugin geolocator_android at /home/ubuntu/.pub-cache/hosted/pub.dev/geolocator_android-4.6.2/
[   +2 ms] Found plugin geolocator_apple at /home/ubuntu/.pub-cache/hosted/pub.dev/geolocator_apple-2.3.13/
[   +2 ms] Found plugin geolocator_web at /home/ubuntu/.pub-cache/hosted/pub.dev/geolocator_web-2.2.1/
[   +2 ms] Found plugin geolocator_windows at /home/ubuntu/.pub-cache/hosted/pub.dev/geolocator_windows-0.1.3/
[   +2 ms] Found plugin google_maps_flutter at /home/ubuntu/.pub-cache/hosted/pub.dev/google_maps_flutter-2.12.3/
[   +1 ms] Found plugin google_maps_flutter_android at /home/ubuntu/.pub-cache/hosted/pub.dev/google_maps_flutter_android-2.16.2/
[   +1 ms] Found plugin google_maps_flutter_ios at /home/ubuntu/.pub-cache/hosted/pub.dev/google_maps_flutter_ios-2.15.4/
[   +2 ms] Found plugin google_maps_flutter_web at /home/ubuntu/.pub-cache/hosted/pub.dev/google_maps_flutter_web-0.5.12+2/
[   +8 ms] Found plugin image_picker at /home/ubuntu/.pub-cache/hosted/pub.dev/image_picker-1.1.2/
[   +1 ms] Found plugin image_picker_android at /home/ubuntu/.pub-cache/hosted/pub.dev/image_picker_android-0.8.12+23/
[   +1 ms] Found plugin image_picker_for_web at /home/ubuntu/.pub-cache/hosted/pub.dev/image_picker_for_web-3.0.6/
[        ] Found plugin image_picker_ios at /home/ubuntu/.pub-cache/hosted/pub.dev/image_picker_ios-0.8.12+2/
[   +1 ms] Found plugin image_picker_linux at /home/ubuntu/.pub-cache/hosted/pub.dev/image_picker_linux-0.2.1+2/
[   +1 ms] Found plugin image_picker_macos at /home/ubuntu/.pub-cache/hosted/pub.dev/image_picker_macos-0.2.1+2/
[   +1 ms] Found plugin image_picker_windows at /home/ubuntu/.pub-cache/hosted/pub.dev/image_picker_windows-0.2.1+1/
[   +6 ms] Found plugin location at /home/ubuntu/.pub-cache/hosted/pub.dev/location-5.0.3/
[   +2 ms] Found plugin location_web at /home/ubuntu/.pub-cache/hosted/pub.dev/location_web-4.2.0/
[   +9 ms] Found plugin path_provider at /home/ubuntu/.pub-cache/hosted/pub.dev/path_provider-2.1.5/
[   +1 ms] Found plugin path_provider_android at /home/ubuntu/.pub-cache/hosted/pub.dev/path_provider_android-2.2.17/
[   +1 ms] Found plugin path_provider_foundation at /home/ubuntu/.pub-cache/hosted/pub.dev/path_provider_foundation-2.4.1/
[   +1 ms] Found plugin path_provider_linux at /home/ubuntu/.pub-cache/hosted/pub.dev/path_provider_linux-2.2.1/
[   +1 ms] Found plugin path_provider_windows at /home/ubuntu/.pub-cache/hosted/pub.dev/path_provider_windows-2.3.0/
[   +2 ms] Found plugin permission_handler at /home/ubuntu/.pub-cache/hosted/pub.dev/permission_handler-11.4.0/
[        ] Found plugin permission_handler_android at /home/ubuntu/.pub-cache/hosted/pub.dev/permission_handler_android-12.1.0/
[   +1 ms] Found plugin permission_handler_apple at /home/ubuntu/.pub-cache/hosted/pub.dev/permission_handler_apple-9.4.7/
[        ] Found plugin permission_handler_html at /home/ubuntu/.pub-cache/hosted/pub.dev/permission_handler_html-0.1.3+5/
[   +1 ms] Found plugin permission_handler_windows at /home/ubuntu/.pub-cache/hosted/pub.dev/permission_handler_windows-0.2.1/
[   +5 ms] Found plugin printing at /home/ubuntu/.pub-cache/hosted/pub.dev/printing-5.14.2/
[   +6 ms] Found plugin share_plus at /home/ubuntu/.pub-cache/hosted/pub.dev/share_plus-7.2.2/
[   +2 ms] Found plugin shared_preferences at /home/ubuntu/.pub-cache/hosted/pub.dev/shared_preferences-2.5.3/
[   +1 ms] Found plugin shared_preferences_android at /home/ubuntu/.pub-cache/hosted/pub.dev/shared_preferences_android-2.4.10/
[   +1 ms] Found plugin shared_preferences_foundation at /home/ubuntu/.pub-cache/hosted/pub.dev/shared_preferences_foundation-2.5.4/
[   +1 ms] Found plugin shared_preferences_linux at /home/ubuntu/.pub-cache/hosted/pub.dev/shared_preferences_linux-2.4.1/
[   +1 ms] Found plugin shared_preferences_web at /home/ubuntu/.pub-cache/hosted/pub.dev/shared_preferences_web-2.4.3/
[   +1 ms] Found plugin shared_preferences_windows at /home/ubuntu/.pub-cache/hosted/pub.dev/shared_preferences_windows-2.4.1/
[   +9 ms] Found plugin sqflite at /home/ubuntu/.pub-cache/hosted/pub.dev/sqflite-2.4.2/
[   +1 ms] Found plugin sqflite_android at /home/ubuntu/.pub-cache/hosted/pub.dev/sqflite_android-2.4.1/
[   +2 ms] Found plugin sqflite_darwin at /home/ubuntu/.pub-cache/hosted/pub.dev/sqflite_darwin-2.4.2/
[  +12 ms] Found plugin url_launcher_linux at /home/ubuntu/.pub-cache/hosted/pub.dev/url_launcher_linux-3.2.1/
[   +2 ms] Found plugin url_launcher_web at /home/ubuntu/.pub-cache/hosted/pub.dev/url_launcher_web-2.4.1/
[   +1 ms] Found plugin url_launcher_windows at /home/ubuntu/.pub-cache/hosted/pub.dev/url_launcher_windows-3.1.4/
[  +26 ms] Found plugin integration_test at /home/ubuntu/snap/flutter/common/flutter/packages/integration_test/
[  +29 ms] executing: [/home/ubuntu/fire-safe/] /home/ubuntu/snap/flutter/common/flutter/bin/cache/dart-sdk/bin/dart pub --suppress-analytics deps --json
[ +540 ms] {
             "root": "fire_safety_inspector",
             "packages": [
               {
                 "name": "fire_safety_inspector",
                 "version": "0.1.0+1",
                 "kind": "root",
                 "source": "root",
                 "dependencies": [
                   "flutter",
                   "cupertino_icons",
                   "provider",
                   "flutter_bloc",
                   "google_maps_flutter",
                   "location",
                   "geocoding",
                   "geolocator",
                   "sqflite",
                   "hive",
                   "hive_flutter",
                   "dio",
                   "connectivity_plus",
                   "flutter_svg",
                   "cached_network_image",
                   "camera",
                   "image_picker",
                   "photo_view",
                   "pdf",
                   "printing",
                   "path_provider",
                   "permission_handler",
                   "flutter_local_notifications",
                   "table_calendar",
                   "math_expressions",
                   "intl",
                   "shared_preferences",
                   "flutter_secure_storage",
                   "firebase_core",
                   "firebase_auth",
                   "cloud_firestore",
                   "firebase_storage",
                   "firebase_messaging",
                   "share_plus",
                   "flutter_test",
                   "mockito",
                   "integration_test",
                   "flutter_lints",
                   "hive_generator",
                   "build_runner"
                 ],
                 "directDependencies": [
                   "flutter",
                   "cupertino_icons",
                   "provider",
                   "flutter_bloc",
                   "google_maps_flutter",
                   "location",
                   "geocoding",
                   "geolocator",
                   "sqflite",
                   "hive",
                   "hive_flutter",
                   "dio",
                   "connectivity_plus",
                   "flutter_svg",
                   "cached_network_image",
                   "camera",
                   "image_picker",
                   "photo_view",
                   "pdf",
                   "printing",
                   "path_provider",
                   "permission_handler",
                   "flutter_local_notifications",
                   "table_calendar",
                   "math_expressions",
                   "intl",
                   "shared_preferences",
                   "flutter_secure_storage",
                   "firebase_core",
                   "firebase_auth",
                   "cloud_firestore",
                   "firebase_storage",
                   "firebase_messaging",
                   "share_plus"
                 ],
                 "devDependencies": [
                   "flutter_test",
                   "mockito",
                   "integration_test",
                   "flutter_lints",
                   "hive_generator",
                   "build_runner"
                 ]
               },
               {
                 "name": "build_runner",
                 "version": "2.5.4",
                 "kind": "dev",
                 "source": "hosted",
                 "dependencies": [
                   "analyzer",
                   "args",
                   "async",
                   "build",
                   "build_config",
                   "build_daemon",
                   "build_resolvers",
                   "build_runner_core",
                   "code_builder",
                   "collection",
                   "crypto",
                   "dart_style",
                   "frontend_server_client",
                   "glob",
                   "graphs",
                   "http",
                   "http_multi_server",
                   "io",
                   "js",
                   "logging",
                   "meta",
                   "mime",
                   "package_config",
                   "path",
                   "pool",
                   "pub_semver",
                   "pubspec_parse",
                   "shelf",
                   "shelf_web_socket",
                   "stack_trace",
                   "stream_transform",
                   "timing",
                   "watcher",
                   "web",
                   "web_socket_channel",
                   "yaml"
                 ],
                 "directDependencies": [
                   "analyzer",
                   "args",
                   "async",
                   "build",
                   "build_config",
                   "build_daemon",
                   "build_resolvers",
                   "build_runner_core",
                   "code_builder",
                   "collection",
                   "crypto",
                   "dart_style",
                   "frontend_server_client",
                   "glob",
                   "graphs",
                   "http",
                   "http_multi_server",
                   "io",
                   "js",
                   "logging",
                   "meta",
                   "mime",
                   "package_config",
                   "path",
                   "pool",
                   "pub_semver",
                   "pubspec_parse",
                   "shelf",
                   "shelf_web_socket",
                   "stack_trace",
                   "stream_transform",
                   "timing",
                   "watcher",
                   "web",
                   "web_socket_channel",
                   "yaml"
                 ]
               },
               {
                 "name": "yaml",
                 "version": "3.1.3",
                 "kind": "transitive",
                 "source": "hosted",
                 "dependencies": [
                   "collection",
                   "source_span",
                   "string_scanner"
                 ],
                 "directDependencies": [
                   "collection",
                   "source_span",
                   "string_scanner"
                 ]
               },
               {
                 "name": "string_scanner",
                 "version": "1.4.1",
                 "kind": "transitive",
                 "source": "hosted",
                 "dependencies": [
                   "source_span"
                 ],
                 "directDependencies": [
                   "source_span"
                 ]
               },
               {
                 "name": "source_span",
                 "version": "1.10.1",
                 "kind": "transitive",
                 "source": "hosted",
                 "dependencies": [
                   "collection",
                   "path",
                   "term_glyph"
                 ],
                 "directDependencies": [
                   "collection",
                   "path",
                   "term_glyph"
                 ]
               },
               {
                 "name": "term_glyph",
                 "version": "1.2.2",
                 "kind": "transitive",
                 "source": "hosted",
                 "dependencies": [],
                 "directDependencies": []
               },
               {
                 "name": "path",
                 "version": "1.9.1",
                 "kind": "transitive",
                 "source": "hosted",
                 "dependencies": [],
                 "directDependencies": []
               },
               {
                 "name": "collection",
                 "version": "1.19.1",
                 "kind": "transitive",
                 "source": "hosted",
                 "dependencies": [],
                 "directDependencies": []
               },
               {
                 "name": "web_socket_channel",
                 "version": "3.0.3",
                 "kind": "transitive",
                 "source": "hosted",
                 "dependencies": [
                   "async",
                   "crypto",
                   "stream_channel",
                   "web",
                   "web_socket"
                 ],
                 "directDependencies": [
                   "async",
                   "crypto",
                   "stream_channel",
                   "web",
                   "web_socket"
                 ]
               },
               {
                 "name": "web_socket",
                 "version": "1.0.1",
                 "kind": "transitive",
                 "source": "hosted",
                 "dependencies": [
                   "web"
                 ],
                 "directDependencies": [
                   "web"
                 ]
               },
               {
                 "name": "web",
                 "version": "1.1.1",
                 "kind": "transitive",
                 "source": "hosted",
                 "dependencies": [],
                 "directDependencies": []
               },
               {
                 "name": "stream_channel",
                 "version": "2.1.4",
                 "kind": "transitive",
                 "source": "hosted",
                 "dependencies": [
                   "async"
                 ],
                 "directDependencies": [
                   "async"
                 ]
               },
               {
                 "name": "async",
                 "version": "2.13.0",
                 "kind": "transitive",
                 "source": "hosted",
                 "dependencies": [
                   "collection",
                   "meta"
                 ],
                 "directDependencies": [
                   "collection",
                   "meta"
                 ]
               },
               {
                 "name": "meta",
                 "version": "1.16.0",
                 "kind": "transitive",
                 "source": "hosted",
                 "dependencies": [],
                 "directDependencies": []
               },
               {
                 "name": "crypto",
                 "version": "3.0.6",
                 "kind": "transitive",
                 "source": "hosted",
                 "dependencies": [
                   "typed_data"
                 ],
                 "directDependencies": [
                   "typed_data"
                 ]
               },
               {
                 "name": "typed_data",
                 "version": "1.4.0",
                 "kind": "transitive",
                 "source": "hosted",
                 "dependencies": [
                   "collection"
                 ],
                 "directDependencies": [
                   "collection"
                 ]
               },
               {
                 "name": "watcher",
                 "version": "1.1.2",
                 "kind": "transitive",
                 "source": "hosted",
                 "dependencies": [
                   "async",
                   "path"
                 ],
                 "directDependencies": [
                   "async",
                   "path"
                 ]
               },
               {
                 "name": "timing",
                 "version": "1.0.2",
                 "kind": "transitive",
                 "source": "hosted",
                 "dependencies": [
                   "json_annotation"
                 ],
                 "directDependencies": [
                   "json_annotation"
                 ]
               },
               {
                 "name": "json_annotation",
                 "version": "4.9.0",
                 "kind": "transitive",
                 "source": "hosted",
                 "dependencies": [
                   "meta"
                 ],
                 "directDependencies": [
                   "meta"
                 ]
               },
               {
                 "name": "stream_transform",
                 "version": "2.1.1",
                 "kind": "transitive",
                 "source": "hosted",
                 "dependencies": [],
                 "directDependencies": []
               },
               {
                 "name": "stack_trace",
                 "version": "1.12.1",
                 "kind": "transitive",
                 "source": "hosted",
                 "dependencies": [
                   "path"
                 ],
                 "directDependencies": [
                   "path"
                 ]
               },
               {
                 "name": "shelf_web_socket",
                 "version": "3.0.0",
                 "kind": "transitive",
                 "source": "hosted",
                 "dependencies": [
                   "shelf",
                   "stream_channel",
                   "web_socket_channel"
                 ],
                 "directDependencies": [
                   "shelf",
                   "stream_channel",
                   "web_socket_channel"
                 ]
               },
               {
                 "name": "shelf",
                 "version": "1.4.2",
                 "kind": "transitive",
                 "source": "hosted",
                 "dependencies": [
                   "async",
                   "collection",
                   "http_parser",
                   "path",
                   "stack_trace",
                   "stream_channel"
                 ],
                 "directDependencies": [
                   "async",
                   "collection",
                   "http_parser",
                   "path",
                   "stack_trace",
                   "stream_channel"
                 ]
               },
               {
                 "name": "http_parser",
                 "version": "4.1.2",
                 "kind": "transitive",
                 "source": "hosted",
                 "dependencies": [
                   "collection",
                   "source_span",
                   "string_scanner",
                   "typed_data"
                 ],
                 "directDependencies": [
                   "collection",
                   "source_span",
                   "string_scanner",
                   "typed_data"
                 ]
               },
               {
                 "name": "pubspec_parse",
                 "version": "1.5.0",
                 "kind": "transitive",
                 "source": "hosted",
                 "dependencies": [
                   "checked_yaml",
                   "collection",
                   "json_annotation",
                   "pub_semver",
                   "yaml"
                 ],
                 "directDependencies": [
                   "checked_yaml",
                   "collection",
                   "json_annotation",
                   "pub_semver",
                   "yaml"
                 ]
               },
               {
                 "name": "pub_semver",
                 "version": "2.2.0",
                 "kind": "transitive",
                 "source": "hosted",
                 "dependencies": [
                   "collection"
                 ],
                 "directDependencies": [
                   "collection"
                 ]
               },
               {
                 "name": "checked_yaml",
                 "version": "2.0.4",
                 "kind": "transitive",
                 "source": "hosted",
                 "dependencies": [
                   "json_annotation",
                   "source_span",
                   "yaml"
                 ],
                 "directDependencies": [
                   "json_annotation",
                   "source_span",
                   "yaml"
                 ]
               },
               {
                 "name": "pool",
                 "version": "1.5.1",
                 "kind": "transitive",
                 "source": "hosted",
                 "dependencies": [
                   "async",
                   "stack_trace"
                 ],
                 "directDependencies": [
                   "async",
                   "stack_trace"
                 ]
               },
               {
                 "name": "package_config",
                 "version": "2.2.0",
                 "kind": "transitive",
                 "source": "hosted",
                 "dependencies": [
                   "path"
                 ],
                 "directDependencies": [
                   "path"
                 ]
               },
               {
                 "name": "mime",
                 "version": "1.0.6",
                 "kind": "transitive",
                 "source": "hosted",
                 "dependencies": [],
                 "directDependencies": []
               },
               {
                 "name": "logging",
                 "version": "1.3.0",
                 "kind": "transitive",
                 "source": "hosted",
                 "dependencies": [],
                 "directDependencies": []
               },
               {
                 "name": "js",
                 "version": "0.6.7",
                 "kind": "transitive",
                 "source": "hosted",
                 "dependencies": [
                   "meta"
                 ],
                 "directDependencies": [
                   "meta"
                 ]
               },
               {
                 "name": "io",
                 "version": "1.0.5",
                 "kind": "transitive",
                 "source": "hosted",
                 "dependencies": [
                   "meta",
                   "path",
                   "string_scanner"
                 ],
                 "directDependencies": [
                   "meta",
                   "path",
                   "string_scanner"
                 ]
               },
               {
                 "name": "http_multi_server",
                 "version": "3.2.2",
                 "kind": "transitive",
                 "source": "hosted",
                 "dependencies": [
                   "async"
                 ],
                 "directDependencies": [
                   "async"
                 ]
               },
               {
                 "name": "http",
                 "version": "1.4.0",
                 "kind": "transitive",
                 "source": "hosted",
                 "dependencies": [
                   "async",
                   "http_parser",
                   "meta",
                   "web"
                 ],
                 "directDependencies": [
                   "async",
                   "http_parser",
                   "meta",
                   "web"
                 ]
               },
               {
                 "name": "graphs",
                 "version": "2.3.2",
                 "kind": "transitive",
                 "source": "hosted",
                 "dependencies": [
                   "collection"
                 ],
                 "directDependencies": [
                   "collection"
                 ]
               },
               {
                 "name": "glob",
                 "version": "2.1.3",
                 "kind": "transitive",
                 "source": "hosted",
                 "dependencies": [
                   "async",
                   "collection",
                   "file",
                   "path",
                   "string_scanner"
                 ],
                 "directDependencies": [
                   "async",
                   "collection",
                   "file",
                   "path",
                   "string_scanner"
                 ]
               },
               {
                 "name": "file",
                 "version": "7.0.1",
                 "kind": "transitive",
                 "source": "hosted",
                 "dependencies": [
                   "meta",
                   "path"
                 ],
                 "directDependencies": [
                   "meta",
                   "path"
                 ]
               },
               {
                 "name": "frontend_server_client",
                 "version": "4.0.0",
                 "kind": "transitive",
                 "source": "hosted",
                 "dependencies": [
                   "async",
                   "path"
                 ],
                 "directDependencies": [
                   "async",
                   "path"
                 ]
               },
               {
                 "name": "dart_style",
                 "version": "2.3.8",
                 "kind": "transitive",
                 "source": "hosted",
                 "dependencies": [
                   "analyzer",
                   "args",
                   "collection",
                   "package_config",
                   "path",
                   "pub_semver",
                   "source_span"
                 ],
                 "directDependencies": [
                   "analyzer",
                   "args",
                   "collection",
                   "package_config",
                   "path",
                   "pub_semver",
                   "source_span"
                 ]
               },
               {
                 "name": "args",
                 "version": "2.7.0",
                 "kind": "transitive",
                 "source": "hosted",
                 "dependencies": [],
                 "directDependencies": []
               },
               {
                 "name": "analyzer",
                 "version": "6.11.0",
                 "kind": "transitive",
                 "source": "hosted",
                 "dependencies": [
                   "_fe_analyzer_shared",
                   "collection",
                   "convert",
                   "crypto",
                   "glob",
                   "macros",
                   "meta",
                   "package_config",
                   "path",
                   "pub_semver",
                   "source_span",
                   "watcher",
                   "yaml"
                 ],
                 "directDependencies": [
                   "_fe_analyzer_shared",
                   "collection",
                   "convert",
                   "crypto",
                   "glob",
                   "macros",
                   "meta",
                   "package_config",
                   "path",
                   "pub_semver",
                   "source_span",
                   "watcher",
                   "yaml"
                 ]
               },
               {
                 "name": "macros",
                 "version": "0.1.3-main.0",
                 "kind": "transitive",
                 "source": "hosted",
                 "dependencies": [
                   "_macros"
                 ],
                 "directDependencies": [
                   "_macros"
                 ]
               },
               {
                 "name": "_macros",
                 "version": "0.3.3",
                 "kind": "transitive",
                 "source": "sdk",
                 "dependencies": [],
                 "directDependencies": []
               },
               {
                 "name": "convert",
                 "version": "3.1.2",
                 "kind": "transitive",
                 "source": "hosted",
                 "dependencies": [
                   "typed_data"
                 ],
                 "directDependencies": [
                   "typed_data"
                 ]
               },
               {
                 "name": "_fe_analyzer_shared",
                 "version": "76.0.0",
                 "kind": "transitive",
                 "source": "hosted",
                 "dependencies": [
                   "meta"
                 ],
                 "directDependencies": [
                   "meta"
                 ]
               },
               {
                 "name": "code_builder",
                 "version": "4.10.1",
                 "kind": "transitive",
                 "source": "hosted",
                 "dependencies": [
                   "built_collection",
                   "built_value",
                   "collection",
                   "matcher",
                   "meta"
                 ],
                 "directDependencies": [
                   "built_collection",
                   "built_value",
                   "collection",
                   "matcher",
                   "meta"
                 ]
               },
               {
                 "name": "matcher",
                 "version": "0.12.17",
                 "kind": "transitive",
                 "source": "hosted",
                 "dependencies": [
                   "async",
                   "meta",
                   "stack_trace",
                   "term_glyph",
                   "test_api"
                 ],
                 "directDependencies": [
                   "async",
                   "meta",
                   "stack_trace",
                   "term_glyph",
                   "test_api"
                 ]
               },
               {
                 "name": "test_api",
                 "version": "0.7.4",
                 "kind": "transitive",
                 "source": "hosted",
                 "dependencies": [
                   "async",
                   "boolean_selector",
                   "collection",
                   "meta",
                   "source_span",
                   "stack_trace",
                   "stream_channel",
                   "string_scanner",
                   "term_glyph"
                 ],
                 "directDependencies": [
                   "async",
                   "boolean_selector",
                   "collection",
                   "meta",
                   "source_span",
                   "stack_trace",
                   "stream_channel",
                   "string_scanner",
                   "term_glyph"
                 ]
               },
               {
                 "name": "boolean_selector",
                 "version": "2.1.2",
                 "kind": "transitive",
                 "source": "hosted",
                 "dependencies": [
                   "source_span",
                   "string_scanner"
                 ],
                 "directDependencies": [
                   "source_span",
                   "string_scanner"
                 ]
               },
               {
                 "name": "built_value",
                 "version": "8.10.1",
                 "kind": "transitive",
                 "source": "hosted",
                 "dependencies": [
                   "built_collection",
                   "collection",
                   "fixnum",
                   "meta"
                 ],
                 "directDependencies": [
                   "built_collection",
                   "collection",
                   "fixnum",
                   "meta"
                 ]
               },
               {
                 "name": "fixnum",
                 "version": "1.1.1",
                 "kind": "transitive",
                 "source": "hosted",
                 "dependencies": [],
                 "directDependencies": []
               },
               {
                 "name": "built_collection",
                 "version": "5.1.1",
                 "kind": "transitive",
                 "source": "hosted",
                 "dependencies": [],
                 "directDependencies": []
               },
               {
                 "name": "build_runner_core",
                 "version": "9.1.2",
                 "kind": "transitive",
                 "source": "hosted",
                 "dependencies": [
                   "analyzer",
                   "async",
                   "build",
                   "build_config",
                   "build_resolvers",
                   "build_runner",
                   "built_collection",
                   "built_value",
                   "collection",
                   "convert",
                   "crypto",
                   "glob",
                   "graphs",
                   "json_annotation",
                   "logging",
                   "meta",
                   "package_config",
                   "path",
                   "pool",
                   "timing",
                   "watcher",
                   "yaml"
                 ],
                 "directDependencies": [
                   "analyzer",
                   "async",
                   "build",
                   "build_config",
                   "build_resolvers",
                   "build_runner",
                   "built_collection",
                   "built_value",
                   "collection",
                   "convert",
                   "crypto",
                   "glob",
                   "graphs",
                   "json_annotation",
                   "logging",
                   "meta",
                   "package_config",
                   "path",
                   "pool",
                   "timing",
                   "watcher",
                   "yaml"
                 ]
               },
               {
                 "name": "build_resolvers",
                 "version": "2.5.4",
                 "kind": "transitive",
                 "source": "hosted",
                 "dependencies": [
                   "analyzer",
                   "async",
                   "build",
                   "build_runner_core",
                   "collection",
                   "convert",
                   "crypto",
                   "graphs",
                   "logging",
                   "package_config",
                   "path",
                   "pool",
                   "pub_semver",
                   "stream_transform"
                 ],
                 "directDependencies": [
                   "analyzer",
                   "async",
                   "build",
                   "build_runner_core",
                   "collection",
                   "convert",
                   "crypto",
                   "graphs",
                   "logging",
                   "package_config",
                   "path",
                   "pool",
                   "pub_semver",
                   "stream_transform"
                 ]
               },
               {
                 "name": "build",
                 "version": "2.5.4",
                 "kind": "transitive",
                 "source": "hosted",
                 "dependencies": [
                   "analyzer",
                   "async",
                   "build_runner_core",
                   "built_collection",
                   "built_value",
                   "convert",
                   "crypto",
                   "glob",
                   "graphs",
                   "logging",
                   "meta",
                   "package_config",
                   "path",
                   "pool"
                 ],
                 "directDependencies": [
                   "analyzer",
                   "async",
                   "build_runner_core",
                   "built_collection",
                   "built_value",
                   "convert",
                   "crypto",
                   "glob",
                   "graphs",
                   "logging",
                   "meta",
                   "package_config",
                   "path",
                   "pool"
                 ]
               },
               {
                 "name": "build_config",
                 "version": "1.1.2",
                 "kind": "transitive",
                 "source": "hosted",
                 "dependencies": [
                   "checked_yaml",
                   "json_annotation",
                   "path",
                   "pubspec_parse",
                   "yaml"
                 ],
                 "directDependencies": [
                   "checked_yaml",
                   "json_annotation",
                   "path",
                   "pubspec_parse",
                   "yaml"
                 ]
               },
               {
                 "name": "build_daemon",
                 "version": "4.0.4",
                 "kind": "transitive",
                 "source": "hosted",
                 "dependencies": [
                   "built_collection",
                   "built_value",
                   "crypto",
                   "http_multi_server",
                   "logging",
                   "path",
                   "pool",
                   "shelf",
                   "shelf_web_socket",
                   "stream_transform",
                   "watcher",
                   "web_socket_channel"
                 ],
                 "directDependencies": [
                   "built_collection",
                   "built_value",
                   "crypto",
                   "http_multi_server",
                   "logging",
                   "path",
                   "pool",
                   "shelf",
                   "shelf_web_socket",
                   "stream_transform",
                   "watcher",
                   "web_socket_channel"
                 ]
               },
               {
                 "name": "hive_generator",
                 "version": "2.0.1",
                 "kind": "dev",
                 "source": "hosted",
                 "dependencies": [
                   "build",
                   "source_gen",
                   "hive",
                   "analyzer",
                   "source_helper"
                 ],
                 "directDependencies": [
                   "build",
                   "source_gen",
                   "hive",
                   "analyzer",
                   "source_helper"
                 ]
               },
               {
                 "name": "source_helper",
                 "version": "1.3.5",
                 "kind": "transitive",
                 "source": "hosted",
                 "dependencies": [
                   "analyzer",
                   "collection",
                   "source_gen"
                 ],
                 "directDependencies": [
                   "analyzer",
                   "collection",
                   "source_gen"
                 ]
               },
               {
                 "name": "source_gen",
                 "version": "1.5.0",
                 "kind": "transitive",
                 "source": "hosted",
                 "dependencies": [
                   "analyzer",
                   "async",
                   "build",
                   "dart_style",
                   "glob",
                   "path",
                   "source_span",
                   "yaml"
                 ],
                 "directDependencies": [
                   "analyzer",
                   "async",
                   "build",
                   "dart_style",
                   "glob",
                   "path",
                   "source_span",
                   "yaml"
                 ]
               },
               {
                 "name": "hive",
                 "version": "2.2.3",
                 "kind": "direct",
                 "source": "hosted",
                 "dependencies": [
                   "meta",
                   "crypto"
                 ],
                 "directDependencies": [
                   "meta",
                   "crypto"
                 ]
               },
               {
                 "name": "flutter_lints",
                 "version": "2.0.3",
                 "kind": "dev",
                 "source": "hosted",
                 "dependencies": [
                   "lints"
                 ],
                 "directDependencies": [
                   "lints"
                 ]
               },
               {
                 "name": "lints",
                 "version": "2.1.1",
                 "kind": "transitive",
                 "source": "hosted",
                 "dependencies": [],
                 "directDependencies": []
               },
               {
                 "name": "integration_test",
                 "version": "0.0.0",
                 "kind": "dev",
                 "source": "sdk",
                 "dependencies": [
                   "flutter",
                   "flutter_driver",
                   "flutter_test",
                   "path",
                   "vm_service",
                   "async",
                   "boolean_selector",
                   "characters",
                   "clock",
                   "collection",
                   "fake_async",
                   "file",
                   "leak_tracker",
                   "leak_tracker_flutter_testing",
                   "leak_tracker_testing",
                   "matcher",
                   "material_color_utilities",
                   "meta",
                   "source_span",
                   "stack_trace",
                   "stream_channel",
                   "string_scanner",
                   "sync_http",
                   "term_glyph",
                   "test_api",
                   "vector_math",
                   "webdriver"
                 ],
                 "directDependencies": [
                   "flutter",
                   "flutter_driver",
                   "flutter_test",
                   "path",
                   "vm_service",
                   "async",
                   "boolean_selector",
                   "characters",
                   "clock",
                   "collection",
                   "fake_async",
                   "file",
                   "leak_tracker",
                   "leak_tracker_flutter_testing",
                   "leak_tracker_testing",
                   "matcher",
                   "material_color_utilities",
                   "meta",
                   "source_span",
                   "stack_trace",
                   "stream_channel",
                   "string_scanner",
                   "sync_http",
                   "term_glyph",
                   "test_api",
                   "vector_math",
                   "webdriver"
                 ]
               },
               {
                 "name": "webdriver",
                 "version": "3.1.0",
                 "kind": "transitive",
                 "source": "hosted",
                 "dependencies": [
                   "matcher",
                   "path",
                   "stack_trace",
                   "sync_http"
                 ],
                 "directDependencies": [
                   "matcher",
                   "path",
                   "stack_trace",
                   "sync_http"
                 ]
               },
               {
                 "name": "sync_http",
                 "version": "0.3.1",
                 "kind": "transitive",
                 "source": "hosted",
                 "dependencies": [],
                 "directDependencies": []
               },
               {
                 "name": "vector_math",
                 "version": "2.1.4",
                 "kind": "transitive",
                 "source": "hosted",
                 "dependencies": [],
                 "directDependencies": []
               },
               {
                 "name": "material_color_utilities",
                 "version": "0.11.1",
                 "kind": "transitive",
                 "source": "hosted",
                 "dependencies": [
                   "collection"
                 ],
                 "directDependencies": [
                   "collection"
                 ]
               },
               {
                 "name": "leak_tracker_testing",
                 "version": "3.0.1",
                 "kind": "transitive",
                 "source": "hosted",
                 "dependencies": [
                   "leak_tracker",
                   "matcher",
                   "meta"
                 ],
                 "directDependencies": [
                   "leak_tracker",
                   "matcher",
                   "meta"
                 ]
               },
               {
                 "name": "leak_tracker",
                 "version": "10.0.9",
                 "kind": "transitive",
                 "source": "hosted",
                 "dependencies": [
                   "clock",
                   "collection",
                   "meta",
                   "path",
                   "vm_service"
                 ],
                 "directDependencies": [
                   "clock",
                   "collection",
                   "meta",
                   "path",
                   "vm_service"
                 ]
               },
               {
                 "name": "vm_service",
                 "version": "15.0.0",
                 "kind": "transitive",
                 "source": "hosted",
                 "dependencies": [],
                 "directDependencies": []
               },
               {
                 "name": "clock",
                 "version": "1.1.2",
                 "kind": "transitive",
                 "source": "hosted",
                 "dependencies": [],
                 "directDependencies": []
               },
               {
                 "name": "leak_tracker_flutter_testing",
                 "version": "3.0.9",
                 "kind": "transitive",
                 "source": "hosted",
                 "dependencies": [
                   "flutter",
                   "leak_tracker",
                   "leak_tracker_testing",
                   "matcher",
                   "meta"
                 ],
                 "directDependencies": [
                   "flutter",
                   "leak_tracker",
                   "leak_tracker_testing",
                   "matcher",
                   "meta"
                 ]
               },
               {
                 "name": "flutter",
                 "version": "0.0.0",
                 "kind": "direct",
                 "source": "sdk",
                 "dependencies": [
                   "characters",
                   "collection",
                   "material_color_utilities",
                   "meta",
                   "vector_math",
                   "sky_engine"
                 ],
                 "directDependencies": [
                   "characters",
                   "collection",
                   "material_color_utilities",
                   "meta",
                   "vector_math",
                   "sky_engine"
                 ]
               },
               {
                 "name": "sky_engine",
                 "version": "0.0.0",
                 "kind": "transitive",
                 "source": "sdk",
                 "dependencies": [],
                 "directDependencies": []
               },
               {
                 "name": "characters",
                 "version": "1.4.0",
                 "kind": "transitive",
                 "source": "hosted",
                 "dependencies": [],
                 "directDependencies": []
               },
               {
                 "name": "fake_async",
                 "version": "1.3.3",
                 "kind": "transitive",
                 "source": "hosted",
                 "dependencies": [
                   "clock",
                   "collection"
                 ],
                 "directDependencies": [
                   "clock",
                   "collection"
                 ]
               },
               {
                 "name": "flutter_test",
                 "version": "0.0.0",
                 "kind": "dev",
                 "source": "sdk",
                 "dependencies": [
                   "flutter",
                   "test_api",
                   "matcher",
                   "path",
                   "fake_async",
                   "clock",
                   "stack_trace",
                   "vector_math",
                   "leak_tracker_flutter_testing",
                   "async",
                   "boolean_selector",
                   "characters",
                   "collection",
                   "leak_tracker",
                   "leak_tracker_testing",
                   "material_color_utilities",
                   "meta",
                   "source_span",
                   "stream_channel",
                   "string_scanner",
                   "term_glyph",
                   "vm_service"
                 ],
                 "directDependencies": [
                   "flutter",
                   "test_api",
                   "matcher",
                   "path",
                   "fake_async",
                   "clock",
                   "stack_trace",
                   "vector_math",
                   "leak_tracker_flutter_testing",
                   "async",
                   "boolean_selector",
                   "characters",
                   "collection",
                   "leak_tracker",
                   "leak_tracker_testing",
                   "material_color_utilities",
                   "meta",
                   "source_span",
                   "stream_channel",
                   "string_scanner",
                   "term_glyph",
                   "vm_service"
                 ]
               },
               {
                 "name": "flutter_driver",
                 "version": "0.0.0",
                 "kind": "transitive",
                 "source": "sdk",
                 "dependencies": [
                   "file",
                   "flutter",
                   "flutter_test",
                   "fuchsia_remote_debug_protocol",
                   "path",
                   "meta",
                   "vm_service",
                   "webdriver",
                   "async",
                   "boolean_selector",
                   "characters",
                   "clock",
                   "collection",
                   "leak_tracker",
                   "leak_tracker_flutter_testing",
                   "leak_tracker_testing",
                   "matcher",
                   "material_color_utilities",
                   "platform",
                   "process",
                   "source_span",
                   "stack_trace",
                   "stream_channel",
                   "string_scanner",
                   "sync_http",
                   "term_glyph",
                   "test_api",
                   "vector_math"
                 ],
                 "directDependencies": [
                   "file",
                   "flutter",
                   "flutter_test",
                   "fuchsia_remote_debug_protocol",
                   "path",
                   "meta",
                   "vm_service",
                   "webdriver",
                   "async",
                   "boolean_selector",
                   "characters",
                   "clock",
                   "collection",
                   "leak_tracker",
                   "leak_tracker_flutter_testing",
                   "leak_tracker_testing",
                   "matcher",
                   "material_color_utilities",
                   "platform",
                   "process",
                   "source_span",
                   "stack_trace",
                   "stream_channel",
                   "string_scanner",
                   "sync_http",
                   "term_glyph",
                   "test_api",
                   "vector_math"
                 ]
               },
               {
                 "name": "process",
                 "version": "5.0.3",
                 "kind": "transitive",
                 "source": "hosted",
                 "dependencies": [
                   "file",
                   "path",
                   "platform"
                 ],
                 "directDependencies": [
                   "file",
                   "path",
                   "platform"
                 ]
               },
               {
                 "name": "platform",
                 "version": "3.1.6",
                 "kind": "transitive",
                 "source": "hosted",
                 "dependencies": [],
                 "directDependencies": []
               },
               {
                 "name": "fuchsia_remote_debug_protocol",
                 "version": "0.0.0",
                 "kind": "transitive",
                 "source": "sdk",
                 "dependencies": [
                   "process",
                   "vm_service",
                   "file",
                   "meta",
                   "path",
                   "platform"
                 ],
                 "directDependencies": [
                   "process",
                   "vm_service",
                   "file",
                   "meta",
                   "path",
                   "platform"
                 ]
               },
               {
                 "name": "mockito",
                 "version": "5.4.5",
                 "kind": "dev",
                 "source": "hosted",
                 "dependencies": [
                   "analyzer",
                   "build",
                   "code_builder",
                   "collection",
                   "dart_style",
                   "matcher",
                   "meta",
                   "path",
                   "source_gen",
                   "test_api"
                 ],
                 "directDependencies": [
                   "analyzer",
                   "build",
                   "code_builder",
                   "collection",
                   "dart_style",
                   "matcher",
                   "meta",
                   "path",
                   "source_gen",
                   "test_api"
                 ]
               },
               {
                 "name": "share_plus",
                 "version": "7.2.2",
                 "kind": "direct",
                 "source": "hosted",
                 "dependencies": [
                   "cross_file",
                   "meta",
                   "mime",
                   "flutter",
                   "flutter_web_plugins",
                   "share_plus_platform_interface",
                   "file",
                   "url_launcher_web",
                   "url_launcher_windows",
                   "url_launcher_linux",
                   "url_launcher_platform_interface",
                   "ffi",
                   "win32"
                 ],
                 "directDependencies": [
                   "cross_file",
                   "meta",
                   "mime",
                   "flutter",
                   "flutter_web_plugins",
                   "share_plus_platform_interface",
                   "file",
                   "url_launcher_web",
                   "url_launcher_windows",
                   "url_launcher_linux",
                   "url_launcher_platform_interface",
                   "ffi",
                   "win32"
                 ]
               },
               {
                 "name": "win32",
                 "version": "5.14.0",
                 "kind": "transitive",
                 "source": "hosted",
                 "dependencies": [
                   "ffi"
                 ],
                 "directDependencies": [
                   "ffi"
                 ]
               },
               {
                 "name": "ffi",
                 "version": "2.1.4",
                 "kind": "transitive",
                 "source": "hosted",
                 "dependencies": [],
                 "directDependencies": []
               },
               {
                 "name": "url_launcher_platform_interface",
                 "version": "2.3.2",
                 "kind": "transitive",
                 "source": "hosted",
                 "dependencies": [
                   "flutter",
                   "plugin_platform_interface"
                 ],
                 "directDependencies": [
                   "flutter",
                   "plugin_platform_interface"
                 ]
               },
               {
                 "name": "plugin_platform_interface",
                 "version": "2.1.8",
                 "kind": "transitive",
                 "source": "hosted",
                 "dependencies": [
                   "meta"
                 ],
                 "directDependencies": [
                   "meta"
                 ]
               },
               {
                 "name": "url_launcher_linux",
                 "version": "3.2.1",
                 "kind": "transitive",
                 "source": "hosted",
                 "dependencies": [
                   "flutter",
                   "url_launcher_platform_interface"
                 ],
                 "directDependencies": [
                   "flutter",
                   "url_launcher_platform_interface"
                 ]
               },
               {
                 "name": "url_launcher_windows",
                 "version": "3.1.4",
                 "kind": "transitive",
                 "source": "hosted",
                 "dependencies": [
                   "flutter",
                   "url_launcher_platform_interface"
                 ],
                 "directDependencies": [
                   "flutter",
                   "url_launcher_platform_interface"
                 ]
               },
               {
                 "name": "url_launcher_web",
                 "version": "2.4.1",
                 "kind": "transitive",
                 "source": "hosted",
                 "dependencies": [
                   "flutter",
                   "flutter_web_plugins",
                   "url_launcher_platform_interface",
                   "web"
                 ],
                 "directDependencies": [
                   "flutter",
                   "flutter_web_plugins",
                   "url_launcher_platform_interface",
                   "web"
                 ]
               },
               {
                 "name": "flutter_web_plugins",
                 "version": "0.0.0",
                 "kind": "transitive",
                 "source": "sdk",
                 "dependencies": [
                   "flutter",
                   "characters",
                   "collection",
                   "material_color_utilities",
                   "meta",
                   "vector_math"
                 ],
                 "directDependencies": [
                   "flutter",
                   "characters",
                   "collection",
                   "material_color_utilities",
                   "meta",
                   "vector_math"
                 ]
               },
               {
                 "name": "share_plus_platform_interface",
                 "version": "3.4.0",
                 "kind": "transitive",
                 "source": "hosted",
                 "dependencies": [
                   "cross_file",
                   "flutter",
                   "meta",
                   "mime",
                   "plugin_platform_interface",
                   "path_provider",
                   "uuid"
                 ],
                 "directDependencies": [
                   "cross_file",
                   "flutter",
                   "meta",
                   "mime",
                   "plugin_platform_interface",
                   "path_provider",
                   "uuid"
                 ]
               },
               {
                 "name": "uuid",
                 "version": "4.5.1",
                 "kind": "transitive",
                 "source": "hosted",
                 "dependencies": [
                   "crypto",
                   "sprintf",
                   "meta",
                   "fixnum"
                 ],
                 "directDependencies": [
                   "crypto",
                   "sprintf",
                   "meta",
                   "fixnum"
                 ]
               },
               {
                 "name": "sprintf",
                 "version": "7.0.0",
                 "kind": "transitive",
                 "source": "hosted",
                 "dependencies": [],
                 "directDependencies": []
               },
               {
                 "name": "path_provider",
                 "version": "2.1.5",
                 "kind": "direct",
                 "source": "hosted",
                 "dependencies": [
                   "flutter",
                   "path_provider_android",
                   "path_provider_foundation",
                   "path_provider_linux",
                   "path_provider_platform_interface",
                   "path_provider_windows"
                 ],
                 "directDependencies": [
                   "flutter",
                   "path_provider_android",
                   "path_provider_foundation",
                   "path_provider_linux",
                   "path_provider_platform_interface",
                   "path_provider_windows"
                 ]
               },
               {
                 "name": "path_provider_windows",
                 "version": "2.3.0",
                 "kind": "transitive",
                 "source": "hosted",
                 "dependencies": [
                   "ffi",
                   "flutter",
                   "path",
                   "path_provider_platform_interface"
                 ],
                 "directDependencies": [
                   "ffi",
                   "flutter",
                   "path",
                   "path_provider_platform_interface"
                 ]
               },
               {
                 "name": "path_provider_platform_interface",
                 "version": "2.1.2",
                 "kind": "transitive",
                 "source": "hosted",
                 "dependencies": [
                   "flutter",
                   "platform",
                   "plugin_platform_interface"
                 ],
                 "directDependencies": [
                   "flutter",
                   "platform",
                   "plugin_platform_interface"
                 ]
               },
               {
                 "name": "path_provider_linux",
                 "version": "2.2.1",
                 "kind": "transitive",
                 "source": "hosted",
                 "dependencies": [
                   "ffi",
                   "flutter",
                   "path",
                   "path_provider_platform_interface",
                   "xdg_directories"
                 ],
                 "directDependencies": [
                   "ffi",
                   "flutter",
                   "path",
                   "path_provider_platform_interface",
                   "xdg_directories"
                 ]
               },
               {
                 "name": "xdg_directories",
                 "version": "1.1.0",
                 "kind": "transitive",
                 "source": "hosted",
                 "dependencies": [
                   "meta",
                   "path"
                 ],
                 "directDependencies": [
                   "meta",
                   "path"
                 ]
               },
               {
                 "name": "path_provider_foundation",
                 "version": "2.4.1",
                 "kind": "transitive",
                 "source": "hosted",
                 "dependencies": [
                   "flutter",
                   "path_provider_platform_interface"
                 ],
                 "directDependencies": [
                   "flutter",
                   "path_provider_platform_interface"
                 ]
               },
               {
                 "name": "path_provider_android",
                 "version": "2.2.17",
                 "kind": "transitive",
                 "source": "hosted",
                 "dependencies": [
                   "flutter",
                   "path_provider_platform_interface"
                 ],
                 "directDependencies": [
                   "flutter",
                   "path_provider_platform_interface"
                 ]
               },
               {
                 "name": "cross_file",
                 "version": "0.3.4+2",
                 "kind": "transitive",
                 "source": "hosted",
                 "dependencies": [
                   "meta",
                   "web"
                 ],
                 "directDependencies": [
                   "meta",
                   "web"
                 ]
               },
               {
                 "name": "firebase_messaging",
                 "version": "14.7.10",
                 "kind": "direct",
                 "source": "hosted",
                 "dependencies": [
                   "firebase_core",
                   "firebase_core_platform_interface",
                   "firebase_messaging_platform_interface",
                   "firebase_messaging_web",
                   "flutter",
                   "meta"
                 ],
                 "directDependencies": [
                   "firebase_core",
                   "firebase_core_platform_interface",
                   "firebase_messaging_platform_interface",
                   "firebase_messaging_web",
                   "flutter",
                   "meta"
                 ]
               },
               {
                 "name": "firebase_messaging_web",
                 "version": "3.5.18",
                 "kind": "transitive",
                 "source": "hosted",
                 "dependencies": [
                   "_flutterfire_internals",
                   "firebase_core",
                   "firebase_core_web",
                   "firebase_messaging_platform_interface",
                   "flutter",
                   "flutter_web_plugins",
                   "js",
                   "meta"
                 ],
                 "directDependencies": [
                   "_flutterfire_internals",
                   "firebase_core",
                   "firebase_core_web",
                   "firebase_messaging_platform_interface",
                   "flutter",
                   "flutter_web_plugins",
                   "js",
                   "meta"
                 ]
               },
               {
                 "name": "firebase_messaging_platform_interface",
                 "version": "4.5.37",
                 "kind": "transitive",
                 "source": "hosted",
                 "dependencies": [
                   "_flutterfire_internals",
                   "firebase_core",
                   "flutter",
                   "meta",
                   "plugin_platform_interface"
                 ],
                 "directDependencies": [
                   "_flutterfire_internals",
                   "firebase_core",
                   "flutter",
                   "meta",
                   "plugin_platform_interface"
                 ]
               },
               {
                 "name": "firebase_core",
                 "version": "2.32.0",
                 "kind": "direct",
                 "source": "hosted",
                 "dependencies": [
                   "firebase_core_platform_interface",
                   "firebase_core_web",
                   "flutter",
                   "meta"
                 ],
                 "directDependencies": [
                   "firebase_core_platform_interface",
                   "firebase_core_web",
                   "flutter",
                   "meta"
                 ]
               },
               {
                 "name": "firebase_core_web",
                 "version": "2.24.0",
                 "kind": "transitive",
                 "source": "hosted",
                 "dependencies": [
                   "firebase_core_platform_interface",
                   "flutter",
                   "flutter_web_plugins",
                   "meta",
                   "web"
                 ],
                 "directDependencies": [
                   "firebase_core_platform_interface",
                   "flutter",
                   "flutter_web_plugins",
                   "meta",
                   "web"
                 ]
               },
               {
                 "name": "firebase_core_platform_interface",
                 "version": "5.4.2",
                 "kind": "transitive",
                 "source": "hosted",
                 "dependencies": [
                   "collection",
                   "flutter",
                   "flutter_test",
                   "meta",
                   "plugin_platform_interface"
                 ],
                 "directDependencies": [
                   "collection",
                   "flutter",
                   "flutter_test",
                   "meta",
                   "plugin_platform_interface"
                 ]
               },
               {
                 "name": "_flutterfire_internals",
                 "version": "1.3.35",
                 "kind": "transitive",
                 "source": "hosted",
                 "dependencies": [
                   "collection",
                   "firebase_core",
                   "firebase_core_platform_interface",
                   "flutter",
                   "meta"
                 ],
                 "directDependencies": [
                   "collection",
                   "firebase_core",
                   "firebase_core_platform_interface",
                   "flutter",
                   "meta"
                 ]
               },
               {
                 "name": "firebase_storage",
                 "version": "11.6.5",
                 "kind": "direct",
                 "source": "hosted",
                 "dependencies": [
                   "firebase_core",
                   "firebase_core_platform_interface",
                   "firebase_storage_platform_interface",
                   "firebase_storage_web",
                   "flutter"
                 ],
                 "directDependencies": [
                   "firebase_core",
                   "firebase_core_platform_interface",
                   "firebase_storage_platform_interface",
                   "firebase_storage_web",
                   "flutter"
                 ]
               },
               {
                 "name": "firebase_storage_web",
                 "version": "3.6.22",
                 "kind": "transitive",
                 "source": "hosted",
                 "dependencies": [
                   "_flutterfire_internals",
                   "async",
                   "firebase_core",
                   "firebase_core_web",
                   "firebase_storage_platform_interface",
                   "flutter",
                   "flutter_web_plugins",
                   "http",
                   "js",
                   "meta"
                 ],
                 "directDependencies": [
                   "_flutterfire_internals",
                   "async",
                   "firebase_core",
                   "firebase_core_web",
                   "firebase_storage_platform_interface",
                   "flutter",
                   "flutter_web_plugins",
                   "http",
                   "js",
                   "meta"
                 ]
               },
               {
                 "name": "firebase_storage_platform_interface",
                 "version": "5.1.22",
                 "kind": "transitive",
                 "source": "hosted",
                 "dependencies": [
                   "_flutterfire_internals",
                   "collection",
                   "firebase_core",
                   "flutter",
                   "meta",
                   "plugin_platform_interface"
                 ],
                 "directDependencies": [
                   "_flutterfire_internals",
                   "collection",
                   "firebase_core",
                   "flutter",
                   "meta",
                   "plugin_platform_interface"
                 ]
               },
               {
                 "name": "cloud_firestore",
                 "version": "4.17.5",
                 "kind": "direct",
                 "source": "hosted",
                 "dependencies": [
                   "cloud_firestore_platform_interface",
                   "cloud_firestore_web",
                   "collection",
                   "firebase_core",
                   "firebase_core_platform_interface",
                   "flutter",
                   "meta"
                 ],
                 "directDependencies": [
                   "cloud_firestore_platform_interface",
                   "cloud_firestore_web",
                   "collection",
                   "firebase_core",
                   "firebase_core_platform_interface",
                   "flutter",
                   "meta"
                 ]
               },
               {
                 "name": "cloud_firestore_web",
                 "version": "3.12.5",
                 "kind": "transitive",
                 "source": "hosted",
                 "dependencies": [
                   "_flutterfire_internals",
                   "cloud_firestore_platform_interface",
                   "collection",
                   "firebase_core",
                   "firebase_core_web",
                   "flutter",
                   "flutter_web_plugins"
                 ],
                 "directDependencies": [
                   "_flutterfire_internals",
                   "cloud_firestore_platform_interface",
                   "collection",
                   "firebase_core",
                   "firebase_core_web",
                   "flutter",
                   "flutter_web_plugins"
                 ]
               },
               {
                 "name": "cloud_firestore_platform_interface",
                 "version": "6.2.5",
                 "kind": "transitive",
                 "source": "hosted",
                 "dependencies": [
                   "_flutterfire_internals",
                   "collection",
                   "firebase_core",
                   "flutter",
                   "meta",
                   "plugin_platform_interface"
                 ],
                 "directDependencies": [
                   "_flutterfire_internals",
                   "collection",
                   "firebase_core",
                   "flutter",
                   "meta",
                   "plugin_platform_interface"
                 ]
               },
               {
                 "name": "firebase_auth",
                 "version": "4.16.0",
                 "kind": "direct",
                 "source": "hosted",
                 "dependencies": [
                   "firebase_auth_platform_interface",
                   "firebase_auth_web",
                   "firebase_core",
                   "firebase_core_platform_interface",
                   "flutter",
                   "meta"
                 ],
                 "directDependencies": [
                   "firebase_auth_platform_interface",
                   "firebase_auth_web",
                   "firebase_core",
                   "firebase_core_platform_interface",
                   "flutter",
                   "meta"
                 ]
               },
               {
                 "name": "firebase_auth_web",
                 "version": "5.8.13",
                 "kind": "transitive",
                 "source": "hosted",
                 "dependencies": [
                   "firebase_auth_platform_interface",
                   "firebase_core",
                   "firebase_core_web",
                   "flutter",
                   "flutter_web_plugins",
                   "http_parser",
                   "js",
                   "meta"
                 ],
                 "directDependencies": [
                   "firebase_auth_platform_interface",
                   "firebase_core",
                   "firebase_core_web",
                   "flutter",
                   "flutter_web_plugins",
                   "http_parser",
                   "js",
                   "meta"
                 ]
               },
               {
                 "name": "firebase_auth_platform_interface",
                 "version": "7.3.0",
                 "kind": "transitive",
                 "source": "hosted",
                 "dependencies": [
                   "_flutterfire_internals",
                   "collection",
                   "firebase_core",
                   "flutter",
                   "meta",
                   "plugin_platform_interface"
                 ],
                 "directDependencies": [
                   "_flutterfire_internals",
                   "collection",
                   "firebase_core",
                   "flutter",
                   "meta",
                   "plugin_platform_interface"
                 ]
               },
               {
                 "name": "flutter_secure_storage",
                 "version": "9.2.4",
                 "kind": "direct",
                 "source": "hosted",
                 "dependencies": [
                   "flutter",
                   "flutter_secure_storage_linux",
                   "flutter_secure_storage_macos",
                   "flutter_secure_storage_platform_interface",
                   "flutter_secure_storage_web",
                   "flutter_secure_storage_windows",
                   "meta"
                 ],
                 "directDependencies": [
                   "flutter",
                   "flutter_secure_storage_linux",
                   "flutter_secure_storage_macos",
                   "flutter_secure_storage_platform_interface",
                   "flutter_secure_storage_web",
                   "flutter_secure_storage_windows",
                   "meta"
                 ]
               },
               {
                 "name": "flutter_secure_storage_windows",
                 "version": "3.1.2",
                 "kind": "transitive",
                 "source": "hosted",
                 "dependencies": [
                   "ffi",
                   "flutter",
                   "flutter_secure_storage_platform_interface",
                   "path",
                   "path_provider",
                   "win32"
                 ],
                 "directDependencies": [
                   "ffi",
                   "flutter",
                   "flutter_secure_storage_platform_interface",
                   "path",
                   "path_provider",
                   "win32"
                 ]
               },
               {
                 "name": "flutter_secure_storage_platform_interface",
                 "version": "1.1.2",
                 "kind": "transitive",
                 "source": "hosted",
                 "dependencies": [
                   "flutter",
                   "plugin_platform_interface"
                 ],
                 "directDependencies": [
                   "flutter",
                   "plugin_platform_interface"
                 ]
               },
               {
                 "name": "flutter_secure_storage_web",
                 "version": "1.2.1",
                 "kind": "transitive",
                 "source": "hosted",
                 "dependencies": [
                   "flutter",
                   "flutter_secure_storage_platform_interface",
                   "flutter_web_plugins",
                   "js"
                 ],
                 "directDependencies": [
                   "flutter",
                   "flutter_secure_storage_platform_interface",
                   "flutter_web_plugins",
                   "js"
                 ]
               },
               {
                 "name": "flutter_secure_storage_macos",
                 "version": "3.1.3",
                 "kind": "transitive",
                 "source": "hosted",
                 "dependencies": [
                   "flutter",
                   "flutter_secure_storage_platform_interface"
                 ],
                 "directDependencies": [
                   "flutter",
                   "flutter_secure_storage_platform_interface"
                 ]
               },
               {
                 "name": "flutter_secure_storage_linux",
                 "version": "1.2.3",
                 "kind": "transitive",
                 "source": "hosted",
                 "dependencies": [
                   "flutter",
                   "flutter_secure_storage_platform_interface"
                 ],
                 "directDependencies": [
                   "flutter",
                   "flutter_secure_storage_platform_interface"
                 ]
               },
               {
                 "name": "shared_preferences",
                 "version": "2.5.3",
                 "kind": "direct",
                 "source": "hosted",
                 "dependencies": [
                   "flutter",
                   "shared_preferences_android",
                   "shared_preferences_foundation",
                   "shared_preferences_linux",
                   "shared_preferences_platform_interface",
                   "shared_preferences_web",
                   "shared_preferences_windows"
                 ],
                 "directDependencies": [
                   "flutter",
                   "shared_preferences_android",
                   "shared_preferences_foundation",
                   "shared_preferences_linux",
                   "shared_preferences_platform_interface",
                   "shared_preferences_web",
                   "shared_preferences_windows"
                 ]
               },
               {
                 "name": "shared_preferences_windows",
                 "version": "2.4.1",
                 "kind": "transitive",
                 "source": "hosted",
                 "dependencies": [
                   "file",
                   "flutter",
                   "path",
                   "path_provider_platform_interface",
                   "path_provider_windows",
                   "shared_preferences_platform_interface"
                 ],
                 "directDependencies": [
                   "file",
                   "flutter",
                   "path",
                   "path_provider_platform_interface",
                   "path_provider_windows",
                   "shared_preferences_platform_interface"
                 ]
               },
               {
                 "name": "shared_preferences_platform_interface",
                 "version": "2.4.1",
                 "kind": "transitive",
                 "source": "hosted",
                 "dependencies": [
                   "flutter",
                   "plugin_platform_interface"
                 ],
                 "directDependencies": [
                   "flutter",
                   "plugin_platform_interface"
                 ]
               },
               {
                 "name": "shared_preferences_web",
                 "version": "2.4.3",
                 "kind": "transitive",
                 "source": "hosted",
                 "dependencies": [
                   "flutter",
                   "flutter_web_plugins",
                   "shared_preferences_platform_interface",
                   "web"
                 ],
                 "directDependencies": [
                   "flutter",
                   "flutter_web_plugins",
                   "shared_preferences_platform_interface",
                   "web"
                 ]
               },
               {
                 "name": "shared_preferences_linux",
                 "version": "2.4.1",
                 "kind": "transitive",
                 "source": "hosted",
                 "dependencies": [
                   "file",
                   "flutter",
                   "path",
                   "path_provider_linux",
                   "path_provider_platform_interface",
                   "shared_preferences_platform_interface"
                 ],
                 "directDependencies": [
                   "file",
                   "flutter",
                   "path",
                   "path_provider_linux",
                   "path_provider_platform_interface",
                   "shared_preferences_platform_interface"
                 ]
               },
               {
                 "name": "shared_preferences_foundation",
                 "version": "2.5.4",
                 "kind": "transitive",
                 "source": "hosted",
                 "dependencies": [
                   "flutter",
                   "shared_preferences_platform_interface"
                 ],
                 "directDependencies": [
                   "flutter",
                   "shared_preferences_platform_interface"
                 ]
               },
               {
                 "name": "shared_preferences_android",
                 "version": "2.4.10",
                 "kind": "transitive",
                 "source": "hosted",
                 "dependencies": [
                   "flutter",
                   "shared_preferences_platform_interface"
                 ],
                 "directDependencies": [
                   "flutter",
                   "shared_preferences_platform_interface"
                 ]
               },
               {
                 "name": "intl",
                 "version": "0.18.1",
                 "kind": "direct",
                 "source": "hosted",
                 "dependencies": [
                   "clock",
                   "meta",
                   "path"
                 ],
                 "directDependencies": [
                   "clock",
                   "meta",
                   "path"
                 ]
               },
               {
                 "name": "math_expressions",
                 "version": "2.7.0",
                 "kind": "direct",
                 "source": "hosted",
                 "dependencies": [
                   "petitparser",
                   "vector_math"
                 ],
                 "directDependencies": [
                   "petitparser",
                   "vector_math"
                 ]
               },
               {
                 "name": "petitparser",
                 "version": "6.1.0",
                 "kind": "transitive",
                 "source": "hosted",
                 "dependencies": [
                   "meta",
                   "collection"
                 ],
                 "directDependencies": [
                   "meta",
                   "collection"
                 ]
               },
               {
                 "name": "table_calendar",
                 "version": "3.0.9",
                 "kind": "direct",
                 "source": "hosted",
                 "dependencies": [
                   "flutter",
                   "intl",
                   "simple_gesture_detector"
                 ],
                 "directDependencies": [
                   "flutter",
                   "intl",
                   "simple_gesture_detector"
                 ]
               },
               {
                 "name": "simple_gesture_detector",
                 "version": "0.2.1",
                 "kind": "transitive",
                 "source": "hosted",
                 "dependencies": [
                   "flutter"
                 ],
                 "directDependencies": [
                   "flutter"
                 ]
               },
               {
                 "name": "flutter_local_notifications",
                 "version": "15.1.3",
                 "kind": "direct",
                 "source": "hosted",
                 "dependencies": [
                   "clock",
                   "flutter",
                   "flutter_local_notifications_linux",
                   "flutter_local_notifications_platform_interface",
                   "timezone"
                 ],
                 "directDependencies": [
                   "clock",
                   "flutter",
                   "flutter_local_notifications_linux",
                   "flutter_local_notifications_platform_interface",
                   "timezone"
                 ]
               },
               {
                 "name": "timezone",
                 "version": "0.9.4",
                 "kind": "transitive",
                 "source": "hosted",
                 "dependencies": [
                   "path"
                 ],
                 "directDependencies": [
                   "path"
                 ]
               },
               {
                 "name": "flutter_local_notifications_platform_interface",
                 "version": "7.2.0",
                 "kind": "transitive",
                 "source": "hosted",
                 "dependencies": [
                   "flutter",
                   "plugin_platform_interface"
                 ],
                 "directDependencies": [
                   "flutter",
                   "plugin_platform_interface"
                 ]
               },
               {
                 "name": "flutter_local_notifications_linux",
                 "version": "4.0.1",
                 "kind": "transitive",
                 "source": "hosted",
                 "dependencies": [
                   "dbus",
                   "ffi",
                   "flutter",
                   "flutter_local_notifications_platform_interface",
                   "path",
                   "xdg_directories"
                 ],
                 "directDependencies": [
                   "dbus",
                   "ffi",
                   "flutter",
                   "flutter_local_notifications_platform_interface",
                   "path",
                   "xdg_directories"
                 ]
               },
               {
                 "name": "dbus",
                 "version": "0.7.11",
                 "kind": "transitive",
                 "source": "hosted",
                 "dependencies": [
                   "args",
                   "ffi",
                   "meta",
                   "xml"
                 ],
                 "directDependencies": [
                   "args",
                   "ffi",
                   "meta",
                   "xml"
                 ]
               },
               {
                 "name": "xml",
                 "version": "6.5.0",
                 "kind": "transitive",
                 "source": "hosted",
                 "dependencies": [
                   "collection",
                   "meta",
                   "petitparser"
                 ],
                 "directDependencies": [
                   "collection",
                   "meta",
                   "petitparser"
                 ]
               },
               {
                 "name": "permission_handler",
                 "version": "11.4.0",
                 "kind": "direct",
                 "source": "hosted",
                 "dependencies": [
                   "flutter",
                   "meta",
                   "permission_handler_android",
                   "permission_handler_apple",
                   "permission_handler_html",
                   "permission_handler_windows",
                   "permission_handler_platform_interface"
                 ],
                 "directDependencies": [
                   "flutter",
                   "meta",
                   "permission_handler_android",
                   "permission_handler_apple",
                   "permission_handler_html",
                   "permission_handler_windows",
                   "permission_handler_platform_interface"
                 ]
               },
               {
                 "name": "permission_handler_platform_interface",
                 "version": "4.3.0",
                 "kind": "transitive",
                 "source": "hosted",
                 "dependencies": [
                   "flutter",
                   "meta",
                   "plugin_platform_interface"
                 ],
                 "directDependencies": [
                   "flutter",
                   "meta",
                   "plugin_platform_interface"
                 ]
               },
               {
                 "name": "permission_handler_windows",
                 "version": "0.2.1",
                 "kind": "transitive",
                 "source": "hosted",
                 "dependencies": [
                   "flutter",
                   "permission_handler_platform_interface"
                 ],
                 "directDependencies": [
                   "flutter",
                   "permission_handler_platform_interface"
                 ]
               },
               {
                 "name": "permission_handler_html",
                 "version": "0.1.3+5",
                 "kind": "transitive",
                 "source": "hosted",
                 "dependencies": [
                   "flutter",
                   "flutter_web_plugins",
                   "permission_handler_platform_interface",
                   "web"
                 ],
                 "directDependencies": [
                   "flutter",
                   "flutter_web_plugins",
                   "permission_handler_platform_interface",
                   "web"
                 ]
               },
               {
                 "name": "permission_handler_apple",
                 "version": "9.4.7",
                 "kind": "transitive",
                 "source": "hosted",
                 "dependencies": [
                   "flutter",
                   "permission_handler_platform_interface"
                 ],
                 "directDependencies": [
                   "flutter",
                   "permission_handler_platform_interface"
                 ]
               },
               {
                 "name": "permission_handler_android",
                 "version": "12.1.0",
                 "kind": "transitive",
                 "source": "hosted",
                 "dependencies": [
                   "flutter",
                   "permission_handler_platform_interface"
                 ],
                 "directDependencies": [
                   "flutter",
                   "permission_handler_platform_interface"
                 ]
               },
               {
                 "name": "printing",
                 "version": "5.14.2",
                 "kind": "direct",
                 "source": "hosted",
                 "dependencies": [
                   "ffi",
                   "flutter",
                   "flutter_web_plugins",
                   "http",
                   "image",
                   "meta",
                   "pdf",
                   "pdf_widget_wrapper",
                   "plugin_platform_interface",
                   "web"
                 ],
                 "directDependencies": [
                   "ffi",
                   "flutter",
                   "flutter_web_plugins",
                   "http",
                   "image",
                   "meta",
                   "pdf",
                   "pdf_widget_wrapper",
                   "plugin_platform_interface",
                   "web"
                 ]
               },
               {
                 "name": "pdf_widget_wrapper",
                 "version": "1.0.4",
                 "kind": "transitive",
                 "source": "hosted",
                 "dependencies": [
                   "flutter",
                   "pdf"
                 ],
                 "directDependencies": [
                   "flutter",
                   "pdf"
                 ]
               },
               {
                 "name": "pdf",
                 "version": "3.11.3",
                 "kind": "direct",
                 "source": "hosted",
                 "dependencies": [
                   "archive",
                   "barcode",
                   "bidi",
                   "crypto",
                   "image",
                   "meta",
                   "path_parsing",
                   "vector_math",
                   "xml"
                 ],
                 "directDependencies": [
                   "archive",
                   "barcode",
                   "bidi",
                   "crypto",
                   "image",
                   "meta",
                   "path_parsing",
                   "vector_math",
                   "xml"
                 ]
               },
               {
                 "name": "path_parsing",
                 "version": "1.1.0",
                 "kind": "transitive",
                 "source": "hosted",
                 "dependencies": [
                   "meta",
                   "vector_math"
                 ],
                 "directDependencies": [
                   "meta",
                   "vector_math"
                 ]
               },
               {
                 "name": "image",
                 "version": "4.5.4",
                 "kind": "transitive",
                 "source": "hosted",
                 "dependencies": [
                   "archive",
                   "meta",
                   "xml"
                 ],
                 "directDependencies": [
                   "archive",
                   "meta",
                   "xml"
                 ]
               },
               {
                 "name": "archive",
                 "version": "4.0.7",
                 "kind": "transitive",
                 "source": "hosted",
                 "dependencies": [
                   "crypto",
                   "path",
                   "posix"
                 ],
                 "directDependencies": [
                   "crypto",
                   "path",
                   "posix"
                 ]
               },
               {
                 "name": "posix",
                 "version": "6.0.3",
                 "kind": "transitive",
                 "source": "hosted",
                 "dependencies": [
                   "ffi",
                   "meta",
                   "path"
                 ],
                 "directDependencies": [
                   "ffi",
                   "meta",
                   "path"
                 ]
               },
               {
                 "name": "bidi",
                 "version": "2.0.13",
                 "kind": "transitive",
                 "source": "hosted",
                 "dependencies": [],
                 "directDependencies": []
               },
               {
                 "name": "barcode",
                 "version": "2.2.9",
                 "kind": "transitive",
                 "source": "hosted",
                 "dependencies": [
                   "meta",
                   "qr"
                 ],
                 "directDependencies": [
                   "meta",
                   "qr"
                 ]
               },
               {
                 "name": "qr",
                 "version": "3.0.2",
                 "kind": "transitive",
                 "source": "hosted",
                 "dependencies": [
                   "meta"
                 ],
                 "directDependencies": [
                   "meta"
                 ]
               },
               {
                 "name": "photo_view",
                 "version": "0.14.0",
                 "kind": "direct",
                 "source": "hosted",
                 "dependencies": [
                   "flutter"
                 ],
                 "directDependencies": [
                   "flutter"
                 ]
               },
               {
                 "name": "image_picker",
                 "version": "1.1.2",
                 "kind": "direct",
                 "source": "hosted",
                 "dependencies": [
                   "flutter",
                   "image_picker_android",
                   "image_picker_for_web",
                   "image_picker_ios",
                   "image_picker_linux",
                   "image_picker_macos",
                   "image_picker_platform_interface",
                   "image_picker_windows"
                 ],
                 "directDependencies": [
                   "flutter",
                   "image_picker_android",
                   "image_picker_for_web",
                   "image_picker_ios",
                   "image_picker_linux",
                   "image_picker_macos",
                   "image_picker_platform_interface",
                   "image_picker_windows"
                 ]
               },
               {
                 "name": "image_picker_windows",
                 "version": "0.2.1+1",
                 "kind": "transitive",
                 "source": "hosted",
                 "dependencies": [
                   "file_selector_platform_interface",
                   "file_selector_windows",
                   "flutter",
                   "image_picker_platform_interface"
                 ],
                 "directDependencies": [
                   "file_selector_platform_interface",
                   "file_selector_windows",
                   "flutter",
                   "image_picker_platform_interface"
                 ]
               },
               {
                 "name": "image_picker_platform_interface",
                 "version": "2.10.1",
                 "kind": "transitive",
                 "source": "hosted",
                 "dependencies": [
                   "cross_file",
                   "flutter",
                   "http",
                   "plugin_platform_interface"
                 ],
                 "directDependencies": [
                   "cross_file",
                   "flutter",
                   "http",
                   "plugin_platform_interface"
                 ]
               },
               {
                 "name": "file_selector_windows",
                 "version": "0.9.3+4",
                 "kind": "transitive",
                 "source": "hosted",
                 "dependencies": [
                   "cross_file",
                   "file_selector_platform_interface",
                   "flutter"
                 ],
                 "directDependencies": [
                   "cross_file",
                   "file_selector_platform_interface",
                   "flutter"
                 ]
               },
               {
                 "name": "file_selector_platform_interface",
                 "version": "2.6.2",
                 "kind": "transitive",
                 "source": "hosted",
                 "dependencies": [
                   "cross_file",
                   "flutter",
                   "http",
                   "plugin_platform_interface"
                 ],
                 "directDependencies": [
                   "cross_file",
                   "flutter",
                   "http",
                   "plugin_platform_interface"
                 ]
               },
               {
                 "name": "image_picker_macos",
                 "version": "0.2.1+2",
                 "kind": "transitive",
                 "source": "hosted",
                 "dependencies": [
                   "file_selector_macos",
                   "file_selector_platform_interface",
                   "flutter",
                   "image_picker_platform_interface"
                 ],
                 "directDependencies": [
                   "file_selector_macos",
                   "file_selector_platform_interface",
                   "flutter",
                   "image_picker_platform_interface"
                 ]
               },
               {
                 "name": "file_selector_macos",
                 "version": "0.9.4+3",
                 "kind": "transitive",
                 "source": "hosted",
                 "dependencies": [
                   "cross_file",
                   "file_selector_platform_interface",
                   "flutter"
                 ],
                 "directDependencies": [
                   "cross_file",
                   "file_selector_platform_interface",
                   "flutter"
                 ]
               },
               {
                 "name": "image_picker_linux",
                 "version": "0.2.1+2",
                 "kind": "transitive",
                 "source": "hosted",
                 "dependencies": [
                   "file_selector_linux",
                   "file_selector_platform_interface",
                   "flutter",
                   "image_picker_platform_interface"
                 ],
                 "directDependencies": [
                   "file_selector_linux",
                   "file_selector_platform_interface",
                   "flutter",
                   "image_picker_platform_interface"
                 ]
               },
               {
                 "name": "file_selector_linux",
                 "version": "0.9.3+2",
                 "kind": "transitive",
                 "source": "hosted",
                 "dependencies": [
                   "cross_file",
                   "file_selector_platform_interface",
                   "flutter"
                 ],
                 "directDependencies": [
                   "cross_file",
                   "file_selector_platform_interface",
                   "flutter"
                 ]
               },
               {
                 "name": "image_picker_ios",
                 "version": "0.8.12+2",
                 "kind": "transitive",
                 "source": "hosted",
                 "dependencies": [
                   "flutter",
                   "image_picker_platform_interface"
                 ],
                 "directDependencies": [
                   "flutter",
                   "image_picker_platform_interface"
                 ]
               },
               {
                 "name": "image_picker_for_web",
                 "version": "3.0.6",
                 "kind": "transitive",
                 "source": "hosted",
                 "dependencies": [
                   "flutter",
                   "flutter_web_plugins",
                   "image_picker_platform_interface",
                   "mime",
                   "web"
                 ],
                 "directDependencies": [
                   "flutter",
                   "flutter_web_plugins",
                   "image_picker_platform_interface",
                   "mime",
                   "web"
                 ]
               },
               {
                 "name": "image_picker_android",
                 "version": "0.8.12+23",
                 "kind": "transitive",
                 "source": "hosted",
                 "dependencies": [
                   "flutter",
                   "flutter_plugin_android_lifecycle",
                   "image_picker_platform_interface"
                 ],
                 "directDependencies": [
                   "flutter",
                   "flutter_plugin_android_lifecycle",
                   "image_picker_platform_interface"
                 ]
               },
               {
                 "name": "flutter_plugin_android_lifecycle",
                 "version": "2.0.28",
                 "kind": "transitive",
                 "source": "hosted",
                 "dependencies": [
                   "flutter"
                 ],
                 "directDependencies": [
                   "flutter"
                 ]
               },
               {
                 "name": "camera",
                 "version": "0.10.6",
                 "kind": "direct",
                 "source": "hosted",
                 "dependencies": [
                   "camera_android",
                   "camera_avfoundation",
                   "camera_platform_interface",
                   "camera_web",
                   "flutter",
                   "flutter_plugin_android_lifecycle"
                 ],
                 "directDependencies": [
                   "camera_android",
                   "camera_avfoundation",
                   "camera_platform_interface",
                   "camera_web",
                   "flutter",
                   "flutter_plugin_android_lifecycle"
                 ]
               },
               {
                 "name": "camera_web",
                 "version": "0.3.5",
                 "kind": "transitive",
                 "source": "hosted",
                 "dependencies": [
                   "camera_platform_interface",
                   "flutter",
                   "flutter_web_plugins",
                   "stream_transform",
                   "web"
                 ],
                 "directDependencies": [
                   "camera_platform_interface",
                   "flutter",
                   "flutter_web_plugins",
                   "stream_transform",
                   "web"
                 ]
               },
               {
                 "name": "camera_platform_interface",
                 "version": "2.10.0",
                 "kind": "transitive",
                 "source": "hosted",
                 "dependencies": [
                   "cross_file",
                   "flutter",
                   "plugin_platform_interface",
                   "stream_transform"
                 ],
                 "directDependencies": [
                   "cross_file",
                   "flutter",
                   "plugin_platform_interface",
                   "stream_transform"
                 ]
               },
               {
                 "name": "camera_avfoundation",
                 "version": "0.9.20+1",
                 "kind": "transitive",
                 "source": "hosted",
                 "dependencies": [
                   "camera_platform_interface",
                   "flutter",
                   "stream_transform"
                 ],
                 "directDependencies": [
                   "camera_platform_interface",
                   "flutter",
                   "stream_transform"
                 ]
               },
               {
                 "name": "camera_android",
                 "version": "0.10.10+3",
                 "kind": "transitive",
                 "source": "hosted",
                 "dependencies": [
                   "camera_platform_interface",
                   "flutter",
                   "flutter_plugin_android_lifecycle",
                   "stream_transform"
                 ],
                 "directDependencies": [
                   "camera_platform_interface",
                   "flutter",
                   "flutter_plugin_android_lifecycle",
                   "stream_transform"
                 ]
               },
               {
                 "name": "cached_network_image",
                 "version": "3.4.1",
                 "kind": "direct",
                 "source": "hosted",
                 "dependencies": [
                   "cached_network_image_platform_interface",
                   "cached_network_image_web",
                   "flutter",
                   "flutter_cache_manager",
                   "octo_image"
                 ],
                 "directDependencies": [
                   "cached_network_image_platform_interface",
                   "cached_network_image_web",
                   "flutter",
                   "flutter_cache_manager",
                   "octo_image"
                 ]
               },
               {
                 "name": "octo_image",
                 "version": "2.1.0",
                 "kind": "transitive",
                 "source": "hosted",
                 "dependencies": [
                   "flutter"
                 ],
                 "directDependencies": [
                   "flutter"
                 ]
               },
               {
                 "name": "flutter_cache_manager",
                 "version": "3.4.1",
                 "kind": "transitive",
                 "source": "hosted",
                 "dependencies": [
                   "clock",
                   "collection",
                   "file",
                   "flutter",
                   "http",
                   "path",
                   "path_provider",
                   "rxdart",
                   "sqflite",
                   "uuid"
                 ],
                 "directDependencies": [
                   "clock",
                   "collection",
                   "file",
                   "flutter",
                   "http",
                   "path",
                   "path_provider",
                   "rxdart",
                   "sqflite",
                   "uuid"
                 ]
               },
               {
                 "name": "sqflite",
                 "version": "2.4.2",
                 "kind": "direct",
                 "source": "hosted",
                 "dependencies": [
                   "flutter",
                   "sqflite_android",
                   "sqflite_darwin",
                   "sqflite_platform_interface",
                   "sqflite_common",
                   "path"
                 ],
                 "directDependencies": [
                   "flutter",
                   "sqflite_android",
                   "sqflite_darwin",
                   "sqflite_platform_interface",
                   "sqflite_common",
                   "path"
                 ]
               },
               {
                 "name": "sqflite_common",
                 "version": "2.5.5",
                 "kind": "transitive",
                 "source": "hosted",
                 "dependencies": [
                   "synchronized",
                   "path",
                   "meta"
                 ],
                 "directDependencies": [
                   "synchronized",
                   "path",
                   "meta"
                 ]
               },
               {
                 "name": "synchronized",
                 "version": "3.4.0",
                 "kind": "transitive",
                 "source": "hosted",
                 "dependencies": [],
                 "directDependencies": []
               },
               {
                 "name": "sqflite_platform_interface",
                 "version": "2.4.0",
                 "kind": "transitive",
                 "source": "hosted",
                 "dependencies": [
                   "flutter",
                   "platform",
                   "sqflite_common",
                   "plugin_platform_interface",
                   "meta"
                 ],
                 "directDependencies": [
                   "flutter",
                   "platform",
                   "sqflite_common",
                   "plugin_platform_interface",
                   "meta"
                 ]
               },
               {
                 "name": "sqflite_darwin",
                 "version": "2.4.2",
                 "kind": "transitive",
                 "source": "hosted",
                 "dependencies": [
                   "flutter",
                   "sqflite_platform_interface",
                   "meta",
                   "sqflite_common",
                   "path"
                 ],
                 "directDependencies": [
                   "flutter",
                   "sqflite_platform_interface",
                   "meta",
                   "sqflite_common",
                   "path"
                 ]
               },
               {
                 "name": "sqflite_android",
                 "version": "2.4.1",
                 "kind": "transitive",
                 "source": "hosted",
                 "dependencies": [
                   "flutter",
                   "sqflite_common",
                   "path",
                   "sqflite_platform_interface"
                 ],
                 "directDependencies": [
                   "flutter",
                   "sqflite_common",
                   "path",
                   "sqflite_platform_interface"
                 ]
               },
               {
                 "name": "rxdart",
                 "version": "0.28.0",
                 "kind": "transitive",
                 "source": "hosted",
                 "dependencies": [],
                 "directDependencies": []
               },
               {
                 "name": "cached_network_image_web",
                 "version": "1.3.1",
                 "kind": "transitive",
                 "source": "hosted",
                 "dependencies": [
                   "cached_network_image_platform_interface",
                   "flutter",
                   "flutter_cache_manager",
                   "web"
                 ],
                 "directDependencies": [
                   "cached_network_image_platform_interface",
                   "flutter",
                   "flutter_cache_manager",
                   "web"
                 ]
               },
               {
                 "name": "cached_network_image_platform_interface",
                 "version": "4.1.1",
                 "kind": "transitive",
                 "source": "hosted",
                 "dependencies": [
                   "flutter",
                   "flutter_cache_manager"
                 ],
                 "directDependencies": [
                   "flutter",
                   "flutter_cache_manager"
                 ]
               },
               {
                 "name": "flutter_svg",
                 "version": "2.2.0",
                 "kind": "direct",
                 "source": "hosted",
                 "dependencies": [
                   "flutter",
                   "http",
                   "vector_graphics",
                   "vector_graphics_codec",
                   "vector_graphics_compiler"
                 ],
                 "directDependencies": [
                   "flutter",
                   "http",
                   "vector_graphics",
                   "vector_graphics_codec",
                   "vector_graphics_compiler"
                 ]
               },
               {
                 "name": "vector_graphics_compiler",
                 "version": "1.1.17",
                 "kind": "transitive",
                 "source": "hosted",
                 "dependencies": [
                   "args",
                   "meta",
                   "path",
                   "path_parsing",
                   "vector_graphics_codec",
                   "xml"
                 ],
                 "directDependencies": [
                   "args",
                   "meta",
                   "path",
                   "path_parsing",
                   "vector_graphics_codec",
                   "xml"
                 ]
               },
               {
                 "name": "vector_graphics_codec",
                 "version": "1.1.13",
                 "kind": "transitive",
                 "source": "hosted",
                 "dependencies": [],
                 "directDependencies": []
               },
               {
                 "name": "vector_graphics",
                 "version": "1.1.19",
                 "kind": "transitive",
                 "source": "hosted",
                 "dependencies": [
                   "flutter",
                   "http",
                   "vector_graphics_codec"
                 ],
                 "directDependencies": [
                   "flutter",
                   "http",
                   "vector_graphics_codec"
                 ]
               },
               {
                 "name": "connectivity_plus",
                 "version": "4.0.2",
                 "kind": "direct",
                 "source": "hosted",
                 "dependencies": [
                   "flutter",
                   "flutter_web_plugins",
                   "connectivity_plus_platform_interface",
                   "js",
                   "meta",
                   "nm"
                 ],
                 "directDependencies": [
                   "flutter",
                   "flutter_web_plugins",
                   "connectivity_plus_platform_interface",
                   "js",
                   "meta",
                   "nm"
                 ]
               },
               {
                 "name": "nm",
                 "version": "0.5.0",
                 "kind": "transitive",
                 "source": "hosted",
                 "dependencies": [
                   "dbus"
                 ],
                 "directDependencies": [
                   "dbus"
                 ]
               },
               {
                 "name": "connectivity_plus_platform_interface",
                 "version": "1.2.4",
                 "kind": "transitive",
                 "source": "hosted",
                 "dependencies": [
                   "flutter",
                   "meta",
                   "plugin_platform_interface"
                 ],
                 "directDependencies": [
                   "flutter",
                   "meta",
                   "plugin_platform_interface"
                 ]
               },
               {
                 "name": "dio",
                 "version": "5.8.0+1",
                 "kind": "direct",
                 "source": "hosted",
                 "dependencies": [
                   "async",
                   "collection",
                   "http_parser",
                   "meta",
                   "path",
                   "dio_web_adapter"
                 ],
                 "directDependencies": [
                   "async",
                   "collection",
                   "http_parser",
                   "meta",
                   "path",
                   "dio_web_adapter"
                 ]
               },
               {
                 "name": "dio_web_adapter",
                 "version": "2.1.1",
                 "kind": "transitive",
                 "source": "hosted",
                 "dependencies": [
                   "dio",
                   "http_parser",
                   "meta",
                   "web"
                 ],
                 "directDependencies": [
                   "dio",
                   "http_parser",
                   "meta",
                   "web"
                 ]
               },
               {
                 "name": "hive_flutter",
                 "version": "1.1.0",
                 "kind": "direct",
                 "source": "hosted",
                 "dependencies": [
                   "flutter",
                   "hive",
                   "path_provider",
                   "path"
                 ],
                 "directDependencies": [
                   "flutter",
                   "hive",
                   "path_provider",
                   "path"
                 ]
               },
               {
                 "name": "geolocator",
                 "version": "9.0.2",
                 "kind": "direct",
                 "source": "hosted",
                 "dependencies": [
                   "flutter",
                   "geolocator_platform_interface",
                   "geolocator_android",
                   "geolocator_apple",
                   "geolocator_web",
                   "geolocator_windows"
                 ],
                 "directDependencies": [
                   "flutter",
                   "geolocator_platform_interface",
                   "geolocator_android",
                   "geolocator_apple",
                   "geolocator_web",
                   "geolocator_windows"
                 ]
               },
               {
                 "name": "geolocator_windows",
                 "version": "0.1.3",
                 "kind": "transitive",
                 "source": "hosted",
                 "dependencies": [
                   "flutter",
                   "geolocator_platform_interface"
                 ],
                 "directDependencies": [
                   "flutter",
                   "geolocator_platform_interface"
                 ]
               },
               {
                 "name": "geolocator_platform_interface",
                 "version": "4.2.6",
                 "kind": "transitive",
                 "source": "hosted",
                 "dependencies": [
                   "flutter",
                   "plugin_platform_interface",
                   "vector_math",
                   "meta"
                 ],
                 "directDependencies": [
                   "flutter",
                   "plugin_platform_interface",
                   "vector_math",
                   "meta"
                 ]
               },
               {
                 "name": "geolocator_web",
                 "version": "2.2.1",
                 "kind": "transitive",
                 "source": "hosted",
                 "dependencies": [
                   "flutter",
                   "flutter_web_plugins",
                   "geolocator_platform_interface"
                 ],
                 "directDependencies": [
                   "flutter",
                   "flutter_web_plugins",
                   "geolocator_platform_interface"
                 ]
               },
               {
                 "name": "geolocator_apple",
                 "version": "2.3.13",
                 "kind": "transitive",
                 "source": "hosted",
                 "dependencies": [
                   "flutter",
                   "geolocator_platform_interface"
                 ],
                 "directDependencies": [
                   "flutter",
                   "geolocator_platform_interface"
                 ]
               },
               {
                 "name": "geolocator_android",
                 "version": "4.6.2",
                 "kind": "transitive",
                 "source": "hosted",
                 "dependencies": [
                   "flutter",
                   "geolocator_platform_interface",
                   "meta",
                   "uuid"
                 ],
                 "directDependencies": [
                   "flutter",
                   "geolocator_platform_interface",
                   "meta",
                   "uuid"
                 ]
               },
               {
                 "name": "geocoding",
                 "version": "2.2.2",
                 "kind": "direct",
                 "source": "hosted",
                 "dependencies": [
                   "flutter",
                   "geocoding_platform_interface",
                   "geocoding_android",
                   "geocoding_ios"
                 ],
                 "directDependencies": [
                   "flutter",
                   "geocoding_platform_interface",
                   "geocoding_android",
                   "geocoding_ios"
                 ]
               },
               {
                 "name": "geocoding_ios",
                 "version": "2.3.0",
                 "kind": "transitive",
                 "source": "hosted",
                 "dependencies": [
                   "flutter",
                   "geocoding_platform_interface"
                 ],
                 "directDependencies": [
                   "flutter",
                   "geocoding_platform_interface"
                 ]
               },
               {
                 "name": "geocoding_platform_interface",
                 "version": "3.2.0",
                 "kind": "transitive",
                 "source": "hosted",
                 "dependencies": [
                   "flutter",
                   "meta",
                   "plugin_platform_interface"
                 ],
                 "directDependencies": [
                   "flutter",
                   "meta",
                   "plugin_platform_interface"
                 ]
               },
               {
                 "name": "geocoding_android",
                 "version": "3.3.1",
                 "kind": "transitive",
                 "source": "hosted",
                 "dependencies": [
                   "flutter",
                   "geocoding_platform_interface"
                 ],
                 "directDependencies": [
                   "flutter",
                   "geocoding_platform_interface"
                 ]
               },
               {
                 "name": "location",
                 "version": "5.0.3",
                 "kind": "direct",
                 "source": "hosted",
                 "dependencies": [
                   "flutter",
                   "location_platform_interface",
                   "location_web"
                 ],
                 "directDependencies": [
                   "flutter",
                   "location_platform_interface",
                   "location_web"
                 ]
               },
               {
                 "name": "location_web",
                 "version": "4.2.0",
                 "kind": "transitive",
                 "source": "hosted",
                 "dependencies": [
                   "flutter",
                   "flutter_web_plugins",
                   "http_parser",
                   "js",
                   "location_platform_interface"
                 ],
                 "directDependencies": [
                   "flutter",
                   "flutter_web_plugins",
                   "http_parser",
                   "js",
                   "location_platform_interface"
                 ]
               },
               {
                 "name": "location_platform_interface",
                 "version": "3.1.2",
                 "kind": "transitive",
                 "source": "hosted",
                 "dependencies": [
                   "flutter",
                   "plugin_platform_interface"
                 ],
                 "directDependencies": [
                   "flutter",
                   "plugin_platform_interface"
                 ]
               },
               {
                 "name": "google_maps_flutter",
                 "version": "2.12.3",
                 "kind": "direct",
                 "source": "hosted",
                 "dependencies": [
                   "flutter",
                   "google_maps_flutter_android",
                   "google_maps_flutter_ios",
                   "google_maps_flutter_platform_interface",
                   "google_maps_flutter_web"
                 ],
                 "directDependencies": [
                   "flutter",
                   "google_maps_flutter_android",
                   "google_maps_flutter_ios",
                   "google_maps_flutter_platform_interface",
                   "google_maps_flutter_web"
                 ]
               },
               {
                 "name": "google_maps_flutter_web",
                 "version": "0.5.12+2",
                 "kind": "transitive",
                 "source": "hosted",
                 "dependencies": [
                   "collection",
                   "flutter",
                   "flutter_web_plugins",
                   "google_maps",
                   "google_maps_flutter_platform_interface",
                   "sanitize_html",
                   "stream_transform",
                   "web"
                 ],
                 "directDependencies": [
                   "collection",
                   "flutter",
                   "flutter_web_plugins",
                   "google_maps",
                   "google_maps_flutter_platform_interface",
                   "sanitize_html",
                   "stream_transform",
                   "web"
                 ]
               },
               {
                 "name": "sanitize_html",
                 "version": "2.1.0",
                 "kind": "transitive",
                 "source": "hosted",
                 "dependencies": [
                   "html",
                   "meta"
                 ],
                 "directDependencies": [
                   "html",
                   "meta"
                 ]
               },
               {
                 "name": "html",
                 "version": "0.15.6",
                 "kind": "transitive",
                 "source": "hosted",
                 "dependencies": [
                   "csslib",
                   "source_span"
                 ],
                 "directDependencies": [
                   "csslib",
                   "source_span"
                 ]
               },
               {
                 "name": "csslib",
                 "version": "1.0.2",
                 "kind": "transitive",
                 "source": "hosted",
                 "dependencies": [
                   "source_span"
                 ],
                 "directDependencies": [
                   "source_span"
                 ]
               },
               {
                 "name": "google_maps_flutter_platform_interface",
                 "version": "2.12.1",
                 "kind": "transitive",
                 "source": "hosted",
                 "dependencies": [
                   "collection",
                   "flutter",
                   "plugin_platform_interface",
                   "stream_transform"
                 ],
                 "directDependencies": [
                   "collection",
                   "flutter",
                   "plugin_platform_interface",
                   "stream_transform"
                 ]
               },
               {
                 "name": "google_maps",
                 "version": "8.1.1",
                 "kind": "transitive",
                 "source": "hosted",
                 "dependencies": [
                   "meta",
                   "web"
                 ],
                 "directDependencies": [
                   "meta",
                   "web"
                 ]
               },
               {
                 "name": "google_maps_flutter_ios",
                 "version": "2.15.4",
                 "kind": "transitive",
                 "source": "hosted",
                 "dependencies": [
                   "flutter",
                   "google_maps_flutter_platform_interface",
                   "stream_transform"
                 ],
                 "directDependencies": [
                   "flutter",
                   "google_maps_flutter_platform_interface",
                   "stream_transform"
                 ]
               },
               {
                 "name": "google_maps_flutter_android",
                 "version": "2.16.2",
                 "kind": "transitive",
                 "source": "hosted",
                 "dependencies": [
                   "flutter",
                   "flutter_plugin_android_lifecycle",
                   "google_maps_flutter_platform_interface",
                   "stream_transform"
                 ],
                 "directDependencies": [
                   "flutter",
                   "flutter_plugin_android_lifecycle",
                   "google_maps_flutter_platform_interface",
                   "stream_transform"
                 ]
               },
               {
                 "name": "flutter_bloc",
                 "version": "8.1.6",
                 "kind": "direct",
                 "source": "hosted",
                 "dependencies": [
                   "bloc",
                   "flutter",
                   "provider"
                 ],
                 "directDependencies": [
                   "bloc",
                   "flutter",
                   "provider"
                 ]
               },
               {
                 "name": "provider",
                 "version": "6.1.5",
                 "kind": "direct",
                 "source": "hosted",
                 "dependencies": [
                   "collection",
                   "flutter",
                   "nested"
                 ],
                 "directDependencies": [
                   "collection",
                   "flutter",
                   "nested"
                 ]
               },
               {
                 "name": "nested",
                 "version": "1.0.0",
                 "kind": "transitive",
                 "source": "hosted",
                 "dependencies": [
                   "flutter"
                 ],
                 "directDependencies": [
                   "flutter"
                 ]
               },
               {
                 "name": "bloc",
                 "version": "8.1.4",
                 "kind": "transitive",
                 "source": "hosted",
                 "dependencies": [
                   "meta"
                 ],
                 "directDependencies": [
                   "meta"
                 ]
               },
               {
                 "name": "cupertino_icons",
                 "version": "1.0.8",
                 "kind": "direct",
                 "source": "hosted",
                 "dependencies": [],
                 "directDependencies": []
               }
             ],
             "sdks": [
               {
                 "name": "Dart",
                 "version": "3.8.1"
               },
               {
                 "name": "Flutter",
                 "version": "3.32.5"
               }
             ],
             "executables": [
               "math_expressions:interpreter",
               "mockito:codegen",
               "build_runner",
               "build_runner:graph_inspector"
             ]
           }
[  +33 ms] Found plugin camera at /home/ubuntu/.pub-cache/hosted/pub.dev/camera-0.10.6/
[   +2 ms] Found plugin camera_android at /home/ubuntu/.pub-cache/hosted/pub.dev/camera_android-0.10.10+3/
[        ] Found plugin camera_avfoundation at /home/ubuntu/.pub-cache/hosted/pub.dev/camera_avfoundation-0.9.20+1/
[   +1 ms] Found plugin camera_web at /home/ubuntu/.pub-cache/hosted/pub.dev/camera_web-0.3.5/
[   +2 ms] Found plugin cloud_firestore at /home/ubuntu/.pub-cache/hosted/pub.dev/cloud_firestore-4.17.5/
[   +1 ms] Found plugin cloud_firestore_web at /home/ubuntu/.pub-cache/hosted/pub.dev/cloud_firestore_web-3.12.5/
[   +2 ms] Found plugin connectivity_plus at /home/ubuntu/.pub-cache/hosted/pub.dev/connectivity_plus-4.0.2/
[   +7 ms] Found plugin file_selector_linux at /home/ubuntu/.pub-cache/hosted/pub.dev/file_selector_linux-0.9.3+2/
[        ] Found plugin file_selector_macos at /home/ubuntu/.pub-cache/hosted/pub.dev/file_selector_macos-0.9.4+3/
[   +1 ms] Found plugin file_selector_windows at /home/ubuntu/.pub-cache/hosted/pub.dev/file_selector_windows-0.9.3+4/
[        ] Found plugin firebase_auth at /home/ubuntu/.pub-cache/hosted/pub.dev/firebase_auth-4.16.0/
[   +1 ms] Found plugin firebase_auth_web at /home/ubuntu/.pub-cache/hosted/pub.dev/firebase_auth_web-5.8.13/
[        ] Found plugin firebase_core at /home/ubuntu/.pub-cache/hosted/pub.dev/firebase_core-2.32.0/
[   +2 ms] Found plugin firebase_core_web at /home/ubuntu/.pub-cache/hosted/pub.dev/firebase_core_web-2.24.0/
[   +1 ms] Found plugin firebase_messaging at /home/ubuntu/.pub-cache/hosted/pub.dev/firebase_messaging-14.7.10/
[   +1 ms] Found plugin firebase_messaging_web at /home/ubuntu/.pub-cache/hosted/pub.dev/firebase_messaging_web-3.5.18/
[        ] Found plugin firebase_storage at /home/ubuntu/.pub-cache/hosted/pub.dev/firebase_storage-11.6.5/
[   +1 ms] Found plugin firebase_storage_web at /home/ubuntu/.pub-cache/hosted/pub.dev/firebase_storage_web-3.6.22/
[   +4 ms] Found plugin flutter_local_notifications at /home/ubuntu/.pub-cache/hosted/pub.dev/flutter_local_notifications-15.1.3/
[        ] Found plugin flutter_local_notifications_linux at /home/ubuntu/.pub-cache/hosted/pub.dev/flutter_local_notifications_linux-4.0.1/
[   +1 ms] Found plugin flutter_plugin_android_lifecycle at /home/ubuntu/.pub-cache/hosted/pub.dev/flutter_plugin_android_lifecycle-2.0.28/
[   +1 ms] Found plugin flutter_secure_storage at /home/ubuntu/.pub-cache/hosted/pub.dev/flutter_secure_storage-9.2.4/
[        ] Found plugin flutter_secure_storage_linux at /home/ubuntu/.pub-cache/hosted/pub.dev/flutter_secure_storage_linux-1.2.3/
[        ] Found plugin flutter_secure_storage_macos at /home/ubuntu/.pub-cache/hosted/pub.dev/flutter_secure_storage_macos-3.1.3/
[   +1 ms] Found plugin flutter_secure_storage_web at /home/ubuntu/.pub-cache/hosted/pub.dev/flutter_secure_storage_web-1.2.1/
[        ] Found plugin flutter_secure_storage_windows at /home/ubuntu/.pub-cache/hosted/pub.dev/flutter_secure_storage_windows-3.1.2/
[   +2 ms] Found plugin geocoding at /home/ubuntu/.pub-cache/hosted/pub.dev/geocoding-2.2.2/
[        ] Found plugin geocoding_android at /home/ubuntu/.pub-cache/hosted/pub.dev/geocoding_android-3.3.1/
[        ] Found plugin geocoding_ios at /home/ubuntu/.pub-cache/hosted/pub.dev/geocoding_ios-2.3.0/
[   +1 ms] Found plugin geolocator at /home/ubuntu/.pub-cache/hosted/pub.dev/geolocator-9.0.2/
[        ] Found plugin geolocator_android at /home/ubuntu/.pub-cache/hosted/pub.dev/geolocator_android-4.6.2/
[        ] Found plugin geolocator_apple at /home/ubuntu/.pub-cache/hosted/pub.dev/geolocator_apple-2.3.13/
[   +1 ms] Found plugin geolocator_web at /home/ubuntu/.pub-cache/hosted/pub.dev/geolocator_web-2.2.1/
[        ] Found plugin geolocator_windows at /home/ubuntu/.pub-cache/hosted/pub.dev/geolocator_windows-0.1.3/
[   +2 ms] Found plugin google_maps_flutter at /home/ubuntu/.pub-cache/hosted/pub.dev/google_maps_flutter-2.12.3/
[        ] Found plugin google_maps_flutter_android at /home/ubuntu/.pub-cache/hosted/pub.dev/google_maps_flutter_android-2.16.2/
[        ] Found plugin google_maps_flutter_ios at /home/ubuntu/.pub-cache/hosted/pub.dev/google_maps_flutter_ios-2.15.4/
[   +1 ms] Found plugin google_maps_flutter_web at /home/ubuntu/.pub-cache/hosted/pub.dev/google_maps_flutter_web-0.5.12+2/
[   +6 ms] Found plugin image_picker at /home/ubuntu/.pub-cache/hosted/pub.dev/image_picker-1.1.2/
[   +1 ms] Found plugin image_picker_android at /home/ubuntu/.pub-cache/hosted/pub.dev/image_picker_android-0.8.12+23/
[        ] Found plugin image_picker_for_web at /home/ubuntu/.pub-cache/hosted/pub.dev/image_picker_for_web-3.0.6/
[        ] Found plugin image_picker_ios at /home/ubuntu/.pub-cache/hosted/pub.dev/image_picker_ios-0.8.12+2/
[        ] Found plugin image_picker_linux at /home/ubuntu/.pub-cache/hosted/pub.dev/image_picker_linux-0.2.1+2/
[   +1 ms] Found plugin image_picker_macos at /home/ubuntu/.pub-cache/hosted/pub.dev/image_picker_macos-0.2.1+2/
[   +1 ms] Found plugin image_picker_windows at /home/ubuntu/.pub-cache/hosted/pub.dev/image_picker_windows-0.2.1+1/
[   +5 ms] Found plugin location at /home/ubuntu/.pub-cache/hosted/pub.dev/location-5.0.3/
[   +1 ms] Found plugin location_web at /home/ubuntu/.pub-cache/hosted/pub.dev/location_web-4.2.0/
[   +9 ms] Found plugin path_provider at /home/ubuntu/.pub-cache/hosted/pub.dev/path_provider-2.1.5/
[        ] Found plugin path_provider_android at /home/ubuntu/.pub-cache/hosted/pub.dev/path_provider_android-2.2.17/
[        ] Found plugin path_provider_foundation at /home/ubuntu/.pub-cache/hosted/pub.dev/path_provider_foundation-2.4.1/
[   +1 ms] Found plugin path_provider_linux at /home/ubuntu/.pub-cache/hosted/pub.dev/path_provider_linux-2.2.1/
[   +1 ms] Found plugin path_provider_windows at /home/ubuntu/.pub-cache/hosted/pub.dev/path_provider_windows-2.3.0/
[   +2 ms] Found plugin permission_handler at /home/ubuntu/.pub-cache/hosted/pub.dev/permission_handler-11.4.0/
[        ] Found plugin permission_handler_android at /home/ubuntu/.pub-cache/hosted/pub.dev/permission_handler_android-12.1.0/
[        ] Found plugin permission_handler_apple at /home/ubuntu/.pub-cache/hosted/pub.dev/permission_handler_apple-9.4.7/
[        ] Found plugin permission_handler_html at /home/ubuntu/.pub-cache/hosted/pub.dev/permission_handler_html-0.1.3+5/
[   +1 ms] Found plugin permission_handler_windows at /home/ubuntu/.pub-cache/hosted/pub.dev/permission_handler_windows-0.2.1/
[   +4 ms] Found plugin printing at /home/ubuntu/.pub-cache/hosted/pub.dev/printing-5.14.2/
[   +5 ms] Found plugin share_plus at /home/ubuntu/.pub-cache/hosted/pub.dev/share_plus-7.2.2/
[   +1 ms] Found plugin shared_preferences at /home/ubuntu/.pub-cache/hosted/pub.dev/shared_preferences-2.5.3/
[        ] Found plugin shared_preferences_android at /home/ubuntu/.pub-cache/hosted/pub.dev/shared_preferences_android-2.4.10/
[        ] Found plugin shared_preferences_foundation at /home/ubuntu/.pub-cache/hosted/pub.dev/shared_preferences_foundation-2.5.4/
[        ] Found plugin shared_preferences_linux at /home/ubuntu/.pub-cache/hosted/pub.dev/shared_preferences_linux-2.4.1/
[   +1 ms] Found plugin shared_preferences_web at /home/ubuntu/.pub-cache/hosted/pub.dev/shared_preferences_web-2.4.3/
[        ] Found plugin shared_preferences_windows at /home/ubuntu/.pub-cache/hosted/pub.dev/shared_preferences_windows-2.4.1/
[   +4 ms] Found plugin sqflite at /home/ubuntu/.pub-cache/hosted/pub.dev/sqflite-2.4.2/
[        ] Found plugin sqflite_android at /home/ubuntu/.pub-cache/hosted/pub.dev/sqflite_android-2.4.1/
[   +1 ms] Found plugin sqflite_darwin at /home/ubuntu/.pub-cache/hosted/pub.dev/sqflite_darwin-2.4.2/
[   +7 ms] Found plugin url_launcher_linux at /home/ubuntu/.pub-cache/hosted/pub.dev/url_launcher_linux-3.2.1/
[   +1 ms] Found plugin url_launcher_web at /home/ubuntu/.pub-cache/hosted/pub.dev/url_launcher_web-2.4.1/
[        ] Found plugin url_launcher_windows at /home/ubuntu/.pub-cache/hosted/pub.dev/url_launcher_windows-3.1.4/
[  +15 ms] Found plugin integration_test at /home/ubuntu/snap/flutter/common/flutter/packages/integration_test/
[  +23 ms] executing: [/home/ubuntu/fire-safe/] /home/ubuntu/snap/flutter/common/flutter/bin/cache/dart-sdk/bin/dart pub --suppress-analytics deps --json
[ +534 ms] {
             "root": "fire_safety_inspector",
             "packages": [
               {
                 "name": "fire_safety_inspector",
                 "version": "0.1.0+1",
                 "kind": "root",
                 "source": "root",
                 "dependencies": [
                   "flutter",
                   "cupertino_icons",
                   "provider",
                   "flutter_bloc",
                   "google_maps_flutter",
                   "location",
                   "geocoding",
                   "geolocator",
                   "sqflite",
                   "hive",
                   "hive_flutter",
                   "dio",
                   "connectivity_plus",
                   "flutter_svg",
                   "cached_network_image",
                   "camera",
                   "image_picker",
                   "photo_view",
                   "pdf",
                   "printing",
                   "path_provider",
                   "permission_handler",
                   "flutter_local_notifications",
                   "table_calendar",
                   "math_expressions",
                   "intl",
                   "shared_preferences",
                   "flutter_secure_storage",
                   "firebase_core",
                   "firebase_auth",
                   "cloud_firestore",
                   "firebase_storage",
                   "firebase_messaging",
                   "share_plus",
                   "flutter_test",
                   "mockito",
                   "integration_test",
                   "flutter_lints",
                   "hive_generator",
                   "build_runner"
                 ],
                 "directDependencies": [
                   "flutter",
                   "cupertino_icons",
                   "provider",
                   "flutter_bloc",
                   "google_maps_flutter",
                   "location",
                   "geocoding",
                   "geolocator",
                   "sqflite",
                   "hive",
                   "hive_flutter",
                   "dio",
                   "connectivity_plus",
                   "flutter_svg",
                   "cached_network_image",
                   "camera",
                   "image_picker",
                   "photo_view",
                   "pdf",
                   "printing",
                   "path_provider",
                   "permission_handler",
                   "flutter_local_notifications",
                   "table_calendar",
                   "math_expressions",
                   "intl",
                   "shared_preferences",
                   "flutter_secure_storage",
                   "firebase_core",
                   "firebase_auth",
                   "cloud_firestore",
                   "firebase_storage",
                   "firebase_messaging",
                   "share_plus"
                 ],
                 "devDependencies": [
                   "flutter_test",
                   "mockito",
                   "integration_test",
                   "flutter_lints",
                   "hive_generator",
                   "build_runner"
                 ]
               },
               {
                 "name": "build_runner",
                 "version": "2.5.4",
                 "kind": "dev",
                 "source": "hosted",
                 "dependencies": [
                   "analyzer",
                   "args",
                   "async",
                   "build",
                   "build_config",
                   "build_daemon",
                   "build_resolvers",
                   "build_runner_core",
                   "code_builder",
                   "collection",
                   "crypto",
                   "dart_style",
                   "frontend_server_client",
                   "glob",
                   "graphs",
                   "http",
                   "http_multi_server",
                   "io",
                   "js",
                   "logging",
                   "meta",
                   "mime",
                   "package_config",
                   "path",
                   "pool",
                   "pub_semver",
                   "pubspec_parse",
                   "shelf",
                   "shelf_web_socket",
                   "stack_trace",
                   "stream_transform",
                   "timing",
                   "watcher",
                   "web",
                   "web_socket_channel",
                   "yaml"
                 ],
                 "directDependencies": [
                   "analyzer",
                   "args",
                   "async",
                   "build",
                   "build_config",
                   "build_daemon",
                   "build_resolvers",
                   "build_runner_core",
                   "code_builder",
                   "collection",
                   "crypto",
                   "dart_style",
                   "frontend_server_client",
                   "glob",
                   "graphs",
                   "http",
                   "http_multi_server",
                   "io",
                   "js",
                   "logging",
                   "meta",
                   "mime",
                   "package_config",
                   "path",
                   "pool",
                   "pub_semver",
                   "pubspec_parse",
                   "shelf",
                   "shelf_web_socket",
                   "stack_trace",
                   "stream_transform",
                   "timing",
                   "watcher",
                   "web",
                   "web_socket_channel",
                   "yaml"
                 ]
               },
               {
                 "name": "yaml",
                 "version": "3.1.3",
                 "kind": "transitive",
                 "source": "hosted",
                 "dependencies": [
                   "collection",
                   "source_span",
                   "string_scanner"
                 ],
                 "directDependencies": [
                   "collection",
                   "source_span",
                   "string_scanner"
                 ]
               },
               {
                 "name": "string_scanner",
                 "version": "1.4.1",
                 "kind": "transitive",
                 "source": "hosted",
                 "dependencies": [
                   "source_span"
                 ],
                 "directDependencies": [
                   "source_span"
                 ]
               },
               {
                 "name": "source_span",
                 "version": "1.10.1",
                 "kind": "transitive",
                 "source": "hosted",
                 "dependencies": [
                   "collection",
                   "path",
                   "term_glyph"
                 ],
                 "directDependencies": [
                   "collection",
                   "path",
                   "term_glyph"
                 ]
               },
               {
                 "name": "term_glyph",
                 "version": "1.2.2",
                 "kind": "transitive",
                 "source": "hosted",
                 "dependencies": [],
                 "directDependencies": []
               },
               {
                 "name": "path",
                 "version": "1.9.1",
                 "kind": "transitive",
                 "source": "hosted",
                 "dependencies": [],
                 "directDependencies": []
               },
               {
                 "name": "collection",
                 "version": "1.19.1",
                 "kind": "transitive",
                 "source": "hosted",
                 "dependencies": [],
                 "directDependencies": []
               },
               {
                 "name": "web_socket_channel",
                 "version": "3.0.3",
                 "kind": "transitive",
                 "source": "hosted",
                 "dependencies": [
                   "async",
                   "crypto",
                   "stream_channel",
                   "web",
                   "web_socket"
                 ],
                 "directDependencies": [
                   "async",
                   "crypto",
                   "stream_channel",
                   "web",
                   "web_socket"
                 ]
               },
               {
                 "name": "web_socket",
                 "version": "1.0.1",
                 "kind": "transitive",
                 "source": "hosted",
                 "dependencies": [
                   "web"
                 ],
                 "directDependencies": [
                   "web"
                 ]
               },
               {
                 "name": "web",
                 "version": "1.1.1",
                 "kind": "transitive",
                 "source": "hosted",
                 "dependencies": [],
                 "directDependencies": []
               },
               {
                 "name": "stream_channel",
                 "version": "2.1.4",
                 "kind": "transitive",
                 "source": "hosted",
                 "dependencies": [
                   "async"
                 ],
                 "directDependencies": [
                   "async"
                 ]
               },
               {
                 "name": "async",
                 "version": "2.13.0",
                 "kind": "transitive",
                 "source": "hosted",
                 "dependencies": [
                   "collection",
                   "meta"
                 ],
                 "directDependencies": [
                   "collection",
                   "meta"
                 ]
               },
               {
                 "name": "meta",
                 "version": "1.16.0",
                 "kind": "transitive",
                 "source": "hosted",
                 "dependencies": [],
                 "directDependencies": []
               },
               {
                 "name": "crypto",
                 "version": "3.0.6",
                 "kind": "transitive",
                 "source": "hosted",
                 "dependencies": [
                   "typed_data"
                 ],
                 "directDependencies": [
                   "typed_data"
                 ]
               },
               {
                 "name": "typed_data",
                 "version": "1.4.0",
                 "kind": "transitive",
                 "source": "hosted",
                 "dependencies": [
                   "collection"
                 ],
                 "directDependencies": [
                   "collection"
                 ]
               },
               {
                 "name": "watcher",
                 "version": "1.1.2",
                 "kind": "transitive",
                 "source": "hosted",
                 "dependencies": [
                   "async",
                   "path"
                 ],
                 "directDependencies": [
                   "async",
                   "path"
                 ]
               },
               {
                 "name": "timing",
                 "version": "1.0.2",
                 "kind": "transitive",
                 "source": "hosted",
                 "dependencies": [
                   "json_annotation"
                 ],
                 "directDependencies": [
                   "json_annotation"
                 ]
               },
               {
                 "name": "json_annotation",
                 "version": "4.9.0",
                 "kind": "transitive",
                 "source": "hosted",
                 "dependencies": [
                   "meta"
                 ],
                 "directDependencies": [
                   "meta"
                 ]
               },
               {
                 "name": "stream_transform",
                 "version": "2.1.1",
                 "kind": "transitive",
                 "source": "hosted",
                 "dependencies": [],
                 "directDependencies": []
               },
               {
                 "name": "stack_trace",
                 "version": "1.12.1",
                 "kind": "transitive",
                 "source": "hosted",
                 "dependencies": [
                   "path"
                 ],
                 "directDependencies": [
                   "path"
                 ]
               },
               {
                 "name": "shelf_web_socket",
                 "version": "3.0.0",
                 "kind": "transitive",
                 "source": "hosted",
                 "dependencies": [
                   "shelf",
                   "stream_channel",
                   "web_socket_channel"
                 ],
                 "directDependencies": [
                   "shelf",
                   "stream_channel",
                   "web_socket_channel"
                 ]
               },
               {
                 "name": "shelf",
                 "version": "1.4.2",
                 "kind": "transitive",
                 "source": "hosted",
                 "dependencies": [
                   "async",
                   "collection",
                   "http_parser",
                   "path",
                   "stack_trace",
                   "stream_channel"
                 ],
                 "directDependencies": [
                   "async",
                   "collection",
                   "http_parser",
                   "path",
                   "stack_trace",
                   "stream_channel"
                 ]
               },
               {
                 "name": "http_parser",
                 "version": "4.1.2",
                 "kind": "transitive",
                 "source": "hosted",
                 "dependencies": [
                   "collection",
                   "source_span",
                   "string_scanner",
                   "typed_data"
                 ],
                 "directDependencies": [
                   "collection",
                   "source_span",
                   "string_scanner",
                   "typed_data"
                 ]
               },
               {
                 "name": "pubspec_parse",
                 "version": "1.5.0",
                 "kind": "transitive",
                 "source": "hosted",
                 "dependencies": [
                   "checked_yaml",
                   "collection",
                   "json_annotation",
                   "pub_semver",
                   "yaml"
                 ],
                 "directDependencies": [
                   "checked_yaml",
                   "collection",
                   "json_annotation",
                   "pub_semver",
                   "yaml"
                 ]
               },
               {
                 "name": "pub_semver",
                 "version": "2.2.0",
                 "kind": "transitive",
                 "source": "hosted",
                 "dependencies": [
                   "collection"
                 ],
                 "directDependencies": [
                   "collection"
                 ]
               },
               {
                 "name": "checked_yaml",
                 "version": "2.0.4",
                 "kind": "transitive",
                 "source": "hosted",
                 "dependencies": [
                   "json_annotation",
                   "source_span",
                   "yaml"
                 ],
                 "directDependencies": [
                   "json_annotation",
                   "source_span",
                   "yaml"
                 ]
               },
               {
                 "name": "pool",
                 "version": "1.5.1",
                 "kind": "transitive",
                 "source": "hosted",
                 "dependencies": [
                   "async",
                   "stack_trace"
                 ],
                 "directDependencies": [
                   "async",
                   "stack_trace"
                 ]
               },
               {
                 "name": "package_config",
                 "version": "2.2.0",
                 "kind": "transitive",
                 "source": "hosted",
                 "dependencies": [
                   "path"
                 ],
                 "directDependencies": [
                   "path"
                 ]
               },
               {
                 "name": "mime",
                 "version": "1.0.6",
                 "kind": "transitive",
                 "source": "hosted",
                 "dependencies": [],
                 "directDependencies": []
               },
               {
                 "name": "logging",
                 "version": "1.3.0",
                 "kind": "transitive",
                 "source": "hosted",
                 "dependencies": [],
                 "directDependencies": []
               },
               {
                 "name": "js",
                 "version": "0.6.7",
                 "kind": "transitive",
                 "source": "hosted",
                 "dependencies": [
                   "meta"
                 ],
                 "directDependencies": [
                   "meta"
                 ]
               },
               {
                 "name": "io",
                 "version": "1.0.5",
                 "kind": "transitive",
                 "source": "hosted",
                 "dependencies": [
                   "meta",
                   "path",
                   "string_scanner"
                 ],
                 "directDependencies": [
                   "meta",
                   "path",
                   "string_scanner"
                 ]
               },
               {
                 "name": "http_multi_server",
                 "version": "3.2.2",
                 "kind": "transitive",
                 "source": "hosted",
                 "dependencies": [
                   "async"
                 ],
                 "directDependencies": [
                   "async"
                 ]
               },
               {
                 "name": "http",
                 "version": "1.4.0",
                 "kind": "transitive",
                 "source": "hosted",
                 "dependencies": [
                   "async",
                   "http_parser",
                   "meta",
                   "web"
                 ],
                 "directDependencies": [
                   "async",
                   "http_parser",
                   "meta",
                   "web"
                 ]
               },
               {
                 "name": "graphs",
                 "version": "2.3.2",
                 "kind": "transitive",
                 "source": "hosted",
                 "dependencies": [
                   "collection"
                 ],
                 "directDependencies": [
                   "collection"
                 ]
               },
               {
                 "name": "glob",
                 "version": "2.1.3",
                 "kind": "transitive",
                 "source": "hosted",
                 "dependencies": [
                   "async",
                   "collection",
                   "file",
                   "path",
                   "string_scanner"
                 ],
                 "directDependencies": [
                   "async",
                   "collection",
                   "file",
                   "path",
                   "string_scanner"
                 ]
               },
               {
                 "name": "file",
                 "version": "7.0.1",
                 "kind": "transitive",
                 "source": "hosted",
                 "dependencies": [
                   "meta",
                   "path"
                 ],
                 "directDependencies": [
                   "meta",
                   "path"
                 ]
               },
               {
                 "name": "frontend_server_client",
                 "version": "4.0.0",
                 "kind": "transitive",
                 "source": "hosted",
                 "dependencies": [
                   "async",
                   "path"
                 ],
                 "directDependencies": [
                   "async",
                   "path"
                 ]
               },
               {
                 "name": "dart_style",
                 "version": "2.3.8",
                 "kind": "transitive",
                 "source": "hosted",
                 "dependencies": [
                   "analyzer",
                   "args",
                   "collection",
                   "package_config",
                   "path",
                   "pub_semver",
                   "source_span"
                 ],
                 "directDependencies": [
                   "analyzer",
                   "args",
                   "collection",
                   "package_config",
                   "path",
                   "pub_semver",
                   "source_span"
                 ]
               },
               {
                 "name": "args",
                 "version": "2.7.0",
                 "kind": "transitive",
                 "source": "hosted",
                 "dependencies": [],
                 "directDependencies": []
               },
               {
                 "name": "analyzer",
                 "version": "6.11.0",
                 "kind": "transitive",
                 "source": "hosted",
                 "dependencies": [
                   "_fe_analyzer_shared",
                   "collection",
                   "convert",
                   "crypto",
                   "glob",
                   "macros",
                   "meta",
                   "package_config",
                   "path",
                   "pub_semver",
                   "source_span",
                   "watcher",
                   "yaml"
                 ],
                 "directDependencies": [
                   "_fe_analyzer_shared",
                   "collection",
                   "convert",
                   "crypto",
                   "glob",
                   "macros",
                   "meta",
                   "package_config",
                   "path",
                   "pub_semver",
                   "source_span",
                   "watcher",
                   "yaml"
                 ]
               },
               {
                 "name": "macros",
                 "version": "0.1.3-main.0",
                 "kind": "transitive",
                 "source": "hosted",
                 "dependencies": [
                   "_macros"
                 ],
                 "directDependencies": [
                   "_macros"
                 ]
               },
               {
                 "name": "_macros",
                 "version": "0.3.3",
                 "kind": "transitive",
                 "source": "sdk",
                 "dependencies": [],
                 "directDependencies": []
               },
               {
                 "name": "convert",
                 "version": "3.1.2",
                 "kind": "transitive",
                 "source": "hosted",
                 "dependencies": [
                   "typed_data"
                 ],
                 "directDependencies": [
                   "typed_data"
                 ]
               },
               {
                 "name": "_fe_analyzer_shared",
                 "version": "76.0.0",
                 "kind": "transitive",
                 "source": "hosted",
                 "dependencies": [
                   "meta"
                 ],
                 "directDependencies": [
                   "meta"
                 ]
               },
               {
                 "name": "code_builder",
                 "version": "4.10.1",
                 "kind": "transitive",
                 "source": "hosted",
                 "dependencies": [
                   "built_collection",
                   "built_value",
                   "collection",
                   "matcher",
                   "meta"
                 ],
                 "directDependencies": [
                   "built_collection",
                   "built_value",
                   "collection",
                   "matcher",
                   "meta"
                 ]
               },
               {
                 "name": "matcher",
                 "version": "0.12.17",
                 "kind": "transitive",
                 "source": "hosted",
                 "dependencies": [
                   "async",
                   "meta",
                   "stack_trace",
                   "term_glyph",
                   "test_api"
                 ],
                 "directDependencies": [
                   "async",
                   "meta",
                   "stack_trace",
                   "term_glyph",
                   "test_api"
                 ]
               },
               {
                 "name": "test_api",
                 "version": "0.7.4",
                 "kind": "transitive",
                 "source": "hosted",
                 "dependencies": [
                   "async",
                   "boolean_selector",
                   "collection",
                   "meta",
                   "source_span",
                   "stack_trace",
                   "stream_channel",
                   "string_scanner",
                   "term_glyph"
                 ],
                 "directDependencies": [
                   "async",
                   "boolean_selector",
                   "collection",
                   "meta",
                   "source_span",
                   "stack_trace",
                   "stream_channel",
                   "string_scanner",
                   "term_glyph"
                 ]
               },
               {
                 "name": "boolean_selector",
                 "version": "2.1.2",
                 "kind": "transitive",
                 "source": "hosted",
                 "dependencies": [
                   "source_span",
                   "string_scanner"
                 ],
                 "directDependencies": [
                   "source_span",
                   "string_scanner"
                 ]
               },
               {
                 "name": "built_value",
                 "version": "8.10.1",
                 "kind": "transitive",
                 "source": "hosted",
                 "dependencies": [
                   "built_collection",
                   "collection",
                   "fixnum",
                   "meta"
                 ],
                 "directDependencies": [
                   "built_collection",
                   "collection",
                   "fixnum",
                   "meta"
                 ]
               },
               {
                 "name": "fixnum",
                 "version": "1.1.1",
                 "kind": "transitive",
                 "source": "hosted",
                 "dependencies": [],
                 "directDependencies": []
               },
               {
                 "name": "built_collection",
                 "version": "5.1.1",
                 "kind": "transitive",
                 "source": "hosted",
                 "dependencies": [],
                 "directDependencies": []
               },
               {
                 "name": "build_runner_core",
                 "version": "9.1.2",
                 "kind": "transitive",
                 "source": "hosted",
                 "dependencies": [
                   "analyzer",
                   "async",
                   "build",
                   "build_config",
                   "build_resolvers",
                   "build_runner",
                   "built_collection",
                   "built_value",
                   "collection",
                   "convert",
                   "crypto",
                   "glob",
                   "graphs",
                   "json_annotation",
                   "logging",
                   "meta",
                   "package_config",
                   "path",
                   "pool",
                   "timing",
                   "watcher",
                   "yaml"
                 ],
                 "directDependencies": [
                   "analyzer",
                   "async",
                   "build",
                   "build_config",
                   "build_resolvers",
                   "build_runner",
                   "built_collection",
                   "built_value",
                   "collection",
                   "convert",
                   "crypto",
                   "glob",
                   "graphs",
                   "json_annotation",
                   "logging",
                   "meta",
                   "package_config",
                   "path",
                   "pool",
                   "timing",
                   "watcher",
                   "yaml"
                 ]
               },
               {
                 "name": "build_resolvers",
                 "version": "2.5.4",
                 "kind": "transitive",
                 "source": "hosted",
                 "dependencies": [
                   "analyzer",
                   "async",
                   "build",
                   "build_runner_core",
                   "collection",
                   "convert",
                   "crypto",
                   "graphs",
                   "logging",
                   "package_config",
                   "path",
                   "pool",
                   "pub_semver",
                   "stream_transform"
                 ],
                 "directDependencies": [
                   "analyzer",
                   "async",
                   "build",
                   "build_runner_core",
                   "collection",
                   "convert",
                   "crypto",
                   "graphs",
                   "logging",
                   "package_config",
                   "path",
                   "pool",
                   "pub_semver",
                   "stream_transform"
                 ]
               },
               {
                 "name": "build",
                 "version": "2.5.4",
                 "kind": "transitive",
                 "source": "hosted",
                 "dependencies": [
                   "analyzer",
                   "async",
                   "build_runner_core",
                   "built_collection",
                   "built_value",
                   "convert",
                   "crypto",
                   "glob",
                   "graphs",
                   "logging",
                   "meta",
                   "package_config",
                   "path",
                   "pool"
                 ],
                 "directDependencies": [
                   "analyzer",
                   "async",
                   "build_runner_core",
                   "built_collection",
                   "built_value",
                   "convert",
                   "crypto",
                   "glob",
                   "graphs",
                   "logging",
                   "meta",
                   "package_config",
                   "path",
                   "pool"
                 ]
               },
               {
                 "name": "build_config",
                 "version": "1.1.2",
                 "kind": "transitive",
                 "source": "hosted",
                 "dependencies": [
                   "checked_yaml",
                   "json_annotation",
                   "path",
                   "pubspec_parse",
                   "yaml"
                 ],
                 "directDependencies": [
                   "checked_yaml",
                   "json_annotation",
                   "path",
                   "pubspec_parse",
                   "yaml"
                 ]
               },
               {
                 "name": "build_daemon",
                 "version": "4.0.4",
                 "kind": "transitive",
                 "source": "hosted",
                 "dependencies": [
                   "built_collection",
                   "built_value",
                   "crypto",
                   "http_multi_server",
                   "logging",
                   "path",
                   "pool",
                   "shelf",
                   "shelf_web_socket",
                   "stream_transform",
                   "watcher",
                   "web_socket_channel"
                 ],
                 "directDependencies": [
                   "built_collection",
                   "built_value",
                   "crypto",
                   "http_multi_server",
                   "logging",
                   "path",
                   "pool",
                   "shelf",
                   "shelf_web_socket",
                   "stream_transform",
                   "watcher",
                   "web_socket_channel"
                 ]
               },
               {
                 "name": "hive_generator",
                 "version": "2.0.1",
                 "kind": "dev",
                 "source": "hosted",
                 "dependencies": [
                   "build",
                   "source_gen",
                   "hive",
                   "analyzer",
                   "source_helper"
                 ],
                 "directDependencies": [
                   "build",
                   "source_gen",
                   "hive",
                   "analyzer",
                   "source_helper"
                 ]
               },
               {
                 "name": "source_helper",
                 "version": "1.3.5",
                 "kind": "transitive",
                 "source": "hosted",
                 "dependencies": [
                   "analyzer",
                   "collection",
                   "source_gen"
                 ],
                 "directDependencies": [
                   "analyzer",
                   "collection",
                   "source_gen"
                 ]
               },
               {
                 "name": "source_gen",
                 "version": "1.5.0",
                 "kind": "transitive",
                 "source": "hosted",
                 "dependencies": [
                   "analyzer",
                   "async",
                   "build",
                   "dart_style",
                   "glob",
                   "path",
                   "source_span",
                   "yaml"
                 ],
                 "directDependencies": [
                   "analyzer",
                   "async",
                   "build",
                   "dart_style",
                   "glob",
                   "path",
                   "source_span",
                   "yaml"
                 ]
               },
               {
                 "name": "hive",
                 "version": "2.2.3",
                 "kind": "direct",
                 "source": "hosted",
                 "dependencies": [
                   "meta",
                   "crypto"
                 ],
                 "directDependencies": [
                   "meta",
                   "crypto"
                 ]
               },
               {
                 "name": "flutter_lints",
                 "version": "2.0.3",
                 "kind": "dev",
                 "source": "hosted",
                 "dependencies": [
                   "lints"
                 ],
                 "directDependencies": [
                   "lints"
                 ]
               },
               {
                 "name": "lints",
                 "version": "2.1.1",
                 "kind": "transitive",
                 "source": "hosted",
                 "dependencies": [],
                 "directDependencies": []
               },
               {
                 "name": "integration_test",
                 "version": "0.0.0",
                 "kind": "dev",
                 "source": "sdk",
                 "dependencies": [
                   "flutter",
                   "flutter_driver",
                   "flutter_test",
                   "path",
                   "vm_service",
                   "async",
                   "boolean_selector",
                   "characters",
                   "clock",
                   "collection",
                   "fake_async",
                   "file",
                   "leak_tracker",
                   "leak_tracker_flutter_testing",
                   "leak_tracker_testing",
                   "matcher",
                   "material_color_utilities",
                   "meta",
                   "source_span",
                   "stack_trace",
                   "stream_channel",
                   "string_scanner",
                   "sync_http",
                   "term_glyph",
                   "test_api",
                   "vector_math",
                   "webdriver"
                 ],
                 "directDependencies": [
                   "flutter",
                   "flutter_driver",
                   "flutter_test",
                   "path",
                   "vm_service",
                   "async",
                   "boolean_selector",
                   "characters",
                   "clock",
                   "collection",
                   "fake_async",
                   "file",
                   "leak_tracker",
                   "leak_tracker_flutter_testing",
                   "leak_tracker_testing",
                   "matcher",
                   "material_color_utilities",
                   "meta",
                   "source_span",
                   "stack_trace",
                   "stream_channel",
                   "string_scanner",
                   "sync_http",
                   "term_glyph",
                   "test_api",
                   "vector_math",
                   "webdriver"
                 ]
               },
               {
                 "name": "webdriver",
                 "version": "3.1.0",
                 "kind": "transitive",
                 "source": "hosted",
                 "dependencies": [
                   "matcher",
                   "path",
                   "stack_trace",
                   "sync_http"
                 ],
                 "directDependencies": [
                   "matcher",
                   "path",
                   "stack_trace",
                   "sync_http"
                 ]
               },
               {
                 "name": "sync_http",
                 "version": "0.3.1",
                 "kind": "transitive",
                 "source": "hosted",
                 "dependencies": [],
                 "directDependencies": []
               },
               {
                 "name": "vector_math",
                 "version": "2.1.4",
                 "kind": "transitive",
                 "source": "hosted",
                 "dependencies": [],
                 "directDependencies": []
               },
               {
                 "name": "material_color_utilities",
                 "version": "0.11.1",
                 "kind": "transitive",
                 "source": "hosted",
                 "dependencies": [
                   "collection"
                 ],
                 "directDependencies": [
                   "collection"
                 ]
               },
               {
                 "name": "leak_tracker_testing",
                 "version": "3.0.1",
                 "kind": "transitive",
                 "source": "hosted",
                 "dependencies": [
                   "leak_tracker",
                   "matcher",
                   "meta"
                 ],
                 "directDependencies": [
                   "leak_tracker",
                   "matcher",
                   "meta"
                 ]
               },
               {
                 "name": "leak_tracker",
                 "version": "10.0.9",
                 "kind": "transitive",
                 "source": "hosted",
                 "dependencies": [
                   "clock",
                   "collection",
                   "meta",
                   "path",
                   "vm_service"
                 ],
                 "directDependencies": [
                   "clock",
                   "collection",
                   "meta",
                   "path",
                   "vm_service"
                 ]
               },
               {
                 "name": "vm_service",
                 "version": "15.0.0",
                 "kind": "transitive",
                 "source": "hosted",
                 "dependencies": [],
                 "directDependencies": []
               },
               {
                 "name": "clock",
                 "version": "1.1.2",
                 "kind": "transitive",
                 "source": "hosted",
                 "dependencies": [],
                 "directDependencies": []
               },
               {
                 "name": "leak_tracker_flutter_testing",
                 "version": "3.0.9",
                 "kind": "transitive",
                 "source": "hosted",
                 "dependencies": [
                   "flutter",
                   "leak_tracker",
                   "leak_tracker_testing",
                   "matcher",
                   "meta"
                 ],
                 "directDependencies": [
                   "flutter",
                   "leak_tracker",
                   "leak_tracker_testing",
                   "matcher",
                   "meta"
                 ]
               },
               {
                 "name": "flutter",
                 "version": "0.0.0",
                 "kind": "direct",
                 "source": "sdk",
                 "dependencies": [
                   "characters",
                   "collection",
                   "material_color_utilities",
                   "meta",
                   "vector_math",
                   "sky_engine"
                 ],
                 "directDependencies": [
                   "characters",
                   "collection",
                   "material_color_utilities",
                   "meta",
                   "vector_math",
                   "sky_engine"
                 ]
               },
               {
                 "name": "sky_engine",
                 "version": "0.0.0",
                 "kind": "transitive",
                 "source": "sdk",
                 "dependencies": [],
                 "directDependencies": []
               },
               {
                 "name": "characters",
                 "version": "1.4.0",
                 "kind": "transitive",
                 "source": "hosted",
                 "dependencies": [],
                 "directDependencies": []
               },
               {
                 "name": "fake_async",
                 "version": "1.3.3",
                 "kind": "transitive",
                 "source": "hosted",
                 "dependencies": [
                   "clock",
                   "collection"
                 ],
                 "directDependencies": [
                   "clock",
                   "collection"
                 ]
               },
               {
                 "name": "flutter_test",
                 "version": "0.0.0",
                 "kind": "dev",
                 "source": "sdk",
                 "dependencies": [
                   "flutter",
                   "test_api",
                   "matcher",
                   "path",
                   "fake_async",
                   "clock",
                   "stack_trace",
                   "vector_math",
                   "leak_tracker_flutter_testing",
                   "async",
                   "boolean_selector",
                   "characters",
                   "collection",
                   "leak_tracker",
                   "leak_tracker_testing",
                   "material_color_utilities",
                   "meta",
                   "source_span",
                   "stream_channel",
                   "string_scanner",
                   "term_glyph",
                   "vm_service"
                 ],
                 "directDependencies": [
                   "flutter",
                   "test_api",
                   "matcher",
                   "path",
                   "fake_async",
                   "clock",
                   "stack_trace",
                   "vector_math",
                   "leak_tracker_flutter_testing",
                   "async",
                   "boolean_selector",
                   "characters",
                   "collection",
                   "leak_tracker",
                   "leak_tracker_testing",
                   "material_color_utilities",
                   "meta",
                   "source_span",
                   "stream_channel",
                   "string_scanner",
                   "term_glyph",
                   "vm_service"
                 ]
               },
               {
                 "name": "flutter_driver",
                 "version": "0.0.0",
                 "kind": "transitive",
                 "source": "sdk",
                 "dependencies": [
                   "file",
                   "flutter",
                   "flutter_test",
                   "fuchsia_remote_debug_protocol",
                   "path",
                   "meta",
                   "vm_service",
                   "webdriver",
                   "async",
                   "boolean_selector",
                   "characters",
                   "clock",
                   "collection",
                   "leak_tracker",
                   "leak_tracker_flutter_testing",
                   "leak_tracker_testing",
                   "matcher",
                   "material_color_utilities",
                   "platform",
                   "process",
                   "source_span",
                   "stack_trace",
                   "stream_channel",
                   "string_scanner",
                   "sync_http",
                   "term_glyph",
                   "test_api",
                   "vector_math"
                 ],
                 "directDependencies": [
                   "file",
                   "flutter",
                   "flutter_test",
                   "fuchsia_remote_debug_protocol",
                   "path",
                   "meta",
                   "vm_service",
                   "webdriver",
                   "async",
                   "boolean_selector",
                   "characters",
                   "clock",
                   "collection",
                   "leak_tracker",
                   "leak_tracker_flutter_testing",
                   "leak_tracker_testing",
                   "matcher",
                   "material_color_utilities",
                   "platform",
                   "process",
                   "source_span",
                   "stack_trace",
                   "stream_channel",
                   "string_scanner",
                   "sync_http",
                   "term_glyph",
                   "test_api",
                   "vector_math"
                 ]
               },
               {
                 "name": "process",
                 "version": "5.0.3",
                 "kind": "transitive",
                 "source": "hosted",
                 "dependencies": [
                   "file",
                   "path",
                   "platform"
                 ],
                 "directDependencies": [
                   "file",
                   "path",
                   "platform"
                 ]
               },
               {
                 "name": "platform",
                 "version": "3.1.6",
                 "kind": "transitive",
                 "source": "hosted",
                 "dependencies": [],
                 "directDependencies": []
               },
               {
                 "name": "fuchsia_remote_debug_protocol",
                 "version": "0.0.0",
                 "kind": "transitive",
                 "source": "sdk",
                 "dependencies": [
                   "process",
                   "vm_service",
                   "file",
                   "meta",
                   "path",
                   "platform"
                 ],
                 "directDependencies": [
                   "process",
                   "vm_service",
                   "file",
                   "meta",
                   "path",
                   "platform"
                 ]
               },
               {
                 "name": "mockito",
                 "version": "5.4.5",
                 "kind": "dev",
                 "source": "hosted",
                 "dependencies": [
                   "analyzer",
                   "build",
                   "code_builder",
                   "collection",
                   "dart_style",
                   "matcher",
                   "meta",
                   "path",
                   "source_gen",
                   "test_api"
                 ],
                 "directDependencies": [
                   "analyzer",
                   "build",
                   "code_builder",
                   "collection",
                   "dart_style",
                   "matcher",
                   "meta",
                   "path",
                   "source_gen",
                   "test_api"
                 ]
               },
               {
                 "name": "share_plus",
                 "version": "7.2.2",
                 "kind": "direct",
                 "source": "hosted",
                 "dependencies": [
                   "cross_file",
                   "meta",
                   "mime",
                   "flutter",
                   "flutter_web_plugins",
                   "share_plus_platform_interface",
                   "file",
                   "url_launcher_web",
                   "url_launcher_windows",
                   "url_launcher_linux",
                   "url_launcher_platform_interface",
                   "ffi",
                   "win32"
                 ],
                 "directDependencies": [
                   "cross_file",
                   "meta",
                   "mime",
                   "flutter",
                   "flutter_web_plugins",
                   "share_plus_platform_interface",
                   "file",
                   "url_launcher_web",
                   "url_launcher_windows",
                   "url_launcher_linux",
                   "url_launcher_platform_interface",
                   "ffi",
                   "win32"
                 ]
               },
               {
                 "name": "win32",
                 "version": "5.14.0",
                 "kind": "transitive",
                 "source": "hosted",
                 "dependencies": [
                   "ffi"
                 ],
                 "directDependencies": [
                   "ffi"
                 ]
               },
               {
                 "name": "ffi",
                 "version": "2.1.4",
                 "kind": "transitive",
                 "source": "hosted",
                 "dependencies": [],
                 "directDependencies": []
               },
               {
                 "name": "url_launcher_platform_interface",
                 "version": "2.3.2",
                 "kind": "transitive",
                 "source": "hosted",
                 "dependencies": [
                   "flutter",
                   "plugin_platform_interface"
                 ],
                 "directDependencies": [
                   "flutter",
                   "plugin_platform_interface"
                 ]
               },
               {
                 "name": "plugin_platform_interface",
                 "version": "2.1.8",
                 "kind": "transitive",
                 "source": "hosted",
                 "dependencies": [
                   "meta"
                 ],
                 "directDependencies": [
                   "meta"
                 ]
               },
               {
                 "name": "url_launcher_linux",
                 "version": "3.2.1",
                 "kind": "transitive",
                 "source": "hosted",
                 "dependencies": [
                   "flutter",
                   "url_launcher_platform_interface"
                 ],
                 "directDependencies": [
                   "flutter",
                   "url_launcher_platform_interface"
                 ]
               },
               {
                 "name": "url_launcher_windows",
                 "version": "3.1.4",
                 "kind": "transitive",
                 "source": "hosted",
                 "dependencies": [
                   "flutter",
                   "url_launcher_platform_interface"
                 ],
                 "directDependencies": [
                   "flutter",
                   "url_launcher_platform_interface"
                 ]
               },
               {
                 "name": "url_launcher_web",
                 "version": "2.4.1",
                 "kind": "transitive",
                 "source": "hosted",
                 "dependencies": [
                   "flutter",
                   "flutter_web_plugins",
                   "url_launcher_platform_interface",
                   "web"
                 ],
                 "directDependencies": [
                   "flutter",
                   "flutter_web_plugins",
                   "url_launcher_platform_interface",
                   "web"
                 ]
               },
               {
                 "name": "flutter_web_plugins",
                 "version": "0.0.0",
                 "kind": "transitive",
                 "source": "sdk",
                 "dependencies": [
                   "flutter",
                   "characters",
                   "collection",
                   "material_color_utilities",
                   "meta",
                   "vector_math"
                 ],
                 "directDependencies": [
                   "flutter",
                   "characters",
                   "collection",
                   "material_color_utilities",
                   "meta",
                   "vector_math"
                 ]
               },
               {
                 "name": "share_plus_platform_interface",
                 "version": "3.4.0",
                 "kind": "transitive",
                 "source": "hosted",
                 "dependencies": [
                   "cross_file",
                   "flutter",
                   "meta",
                   "mime",
                   "plugin_platform_interface",
                   "path_provider",
                   "uuid"
                 ],
                 "directDependencies": [
                   "cross_file",
                   "flutter",
                   "meta",
                   "mime",
                   "plugin_platform_interface",
                   "path_provider",
                   "uuid"
                 ]
               },
               {
                 "name": "uuid",
                 "version": "4.5.1",
                 "kind": "transitive",
                 "source": "hosted",
                 "dependencies": [
                   "crypto",
                   "sprintf",
                   "meta",
                   "fixnum"
                 ],
                 "directDependencies": [
                   "crypto",
                   "sprintf",
                   "meta",
                   "fixnum"
                 ]
               },
               {
                 "name": "sprintf",
                 "version": "7.0.0",
                 "kind": "transitive",
                 "source": "hosted",
                 "dependencies": [],
                 "directDependencies": []
               },
               {
                 "name": "path_provider",
                 "version": "2.1.5",
                 "kind": "direct",
                 "source": "hosted",
                 "dependencies": [
                   "flutter",
                   "path_provider_android",
                   "path_provider_foundation",
                   "path_provider_linux",
                   "path_provider_platform_interface",
                   "path_provider_windows"
                 ],
                 "directDependencies": [
                   "flutter",
                   "path_provider_android",
                   "path_provider_foundation",
                   "path_provider_linux",
                   "path_provider_platform_interface",
                   "path_provider_windows"
                 ]
               },
               {
                 "name": "path_provider_windows",
                 "version": "2.3.0",
                 "kind": "transitive",
                 "source": "hosted",
                 "dependencies": [
                   "ffi",
                   "flutter",
                   "path",
                   "path_provider_platform_interface"
                 ],
                 "directDependencies": [
                   "ffi",
                   "flutter",
                   "path",
                   "path_provider_platform_interface"
                 ]
               },
               {
                 "name": "path_provider_platform_interface",
                 "version": "2.1.2",
                 "kind": "transitive",
                 "source": "hosted",
                 "dependencies": [
                   "flutter",
                   "platform",
                   "plugin_platform_interface"
                 ],
                 "directDependencies": [
                   "flutter",
                   "platform",
                   "plugin_platform_interface"
                 ]
               },
               {
                 "name": "path_provider_linux",
                 "version": "2.2.1",
                 "kind": "transitive",
                 "source": "hosted",
                 "dependencies": [
                   "ffi",
                   "flutter",
                   "path",
                   "path_provider_platform_interface",
                   "xdg_directories"
                 ],
                 "directDependencies": [
                   "ffi",
                   "flutter",
                   "path",
                   "path_provider_platform_interface",
                   "xdg_directories"
                 ]
               },
               {
                 "name": "xdg_directories",
                 "version": "1.1.0",
                 "kind": "transitive",
                 "source": "hosted",
                 "dependencies": [
                   "meta",
                   "path"
                 ],
                 "directDependencies": [
                   "meta",
                   "path"
                 ]
               },
               {
                 "name": "path_provider_foundation",
                 "version": "2.4.1",
                 "kind": "transitive",
                 "source": "hosted",
                 "dependencies": [
                   "flutter",
                   "path_provider_platform_interface"
                 ],
                 "directDependencies": [
                   "flutter",
                   "path_provider_platform_interface"
                 ]
               },
               {
                 "name": "path_provider_android",
                 "version": "2.2.17",
                 "kind": "transitive",
                 "source": "hosted",
                 "dependencies": [
                   "flutter",
                   "path_provider_platform_interface"
                 ],
                 "directDependencies": [
                   "flutter",
                   "path_provider_platform_interface"
                 ]
               },
               {
                 "name": "cross_file",
                 "version": "0.3.4+2",
                 "kind": "transitive",
                 "source": "hosted",
                 "dependencies": [
                   "meta",
                   "web"
                 ],
                 "directDependencies": [
                   "meta",
                   "web"
                 ]
               },
               {
                 "name": "firebase_messaging",
                 "version": "14.7.10",
                 "kind": "direct",
                 "source": "hosted",
                 "dependencies": [
                   "firebase_core",
                   "firebase_core_platform_interface",
                   "firebase_messaging_platform_interface",
                   "firebase_messaging_web",
                   "flutter",
                   "meta"
                 ],
                 "directDependencies": [
                   "firebase_core",
                   "firebase_core_platform_interface",
                   "firebase_messaging_platform_interface",
                   "firebase_messaging_web",
                   "flutter",
                   "meta"
                 ]
               },
               {
                 "name": "firebase_messaging_web",
                 "version": "3.5.18",
                 "kind": "transitive",
                 "source": "hosted",
                 "dependencies": [
                   "_flutterfire_internals",
                   "firebase_core",
                   "firebase_core_web",
                   "firebase_messaging_platform_interface",
                   "flutter",
                   "flutter_web_plugins",
                   "js",
                   "meta"
                 ],
                 "directDependencies": [
                   "_flutterfire_internals",
                   "firebase_core",
                   "firebase_core_web",
                   "firebase_messaging_platform_interface",
                   "flutter",
                   "flutter_web_plugins",
                   "js",
                   "meta"
                 ]
               },
               {
                 "name": "firebase_messaging_platform_interface",
                 "version": "4.5.37",
                 "kind": "transitive",
                 "source": "hosted",
                 "dependencies": [
                   "_flutterfire_internals",
                   "firebase_core",
                   "flutter",
                   "meta",
                   "plugin_platform_interface"
                 ],
                 "directDependencies": [
                   "_flutterfire_internals",
                   "firebase_core",
                   "flutter",
                   "meta",
                   "plugin_platform_interface"
                 ]
               },
               {
                 "name": "firebase_core",
                 "version": "2.32.0",
                 "kind": "direct",
                 "source": "hosted",
                 "dependencies": [
                   "firebase_core_platform_interface",
                   "firebase_core_web",
                   "flutter",
                   "meta"
                 ],
                 "directDependencies": [
                   "firebase_core_platform_interface",
                   "firebase_core_web",
                   "flutter",
                   "meta"
                 ]
               },
               {
                 "name": "firebase_core_web",
                 "version": "2.24.0",
                 "kind": "transitive",
                 "source": "hosted",
                 "dependencies": [
                   "firebase_core_platform_interface",
                   "flutter",
                   "flutter_web_plugins",
                   "meta",
                   "web"
                 ],
                 "directDependencies": [
                   "firebase_core_platform_interface",
                   "flutter",
                   "flutter_web_plugins",
                   "meta",
                   "web"
                 ]
               },
               {
                 "name": "firebase_core_platform_interface",
                 "version": "5.4.2",
                 "kind": "transitive",
                 "source": "hosted",
                 "dependencies": [
                   "collection",
                   "flutter",
                   "flutter_test",
                   "meta",
                   "plugin_platform_interface"
                 ],
                 "directDependencies": [
                   "collection",
                   "flutter",
                   "flutter_test",
                   "meta",
                   "plugin_platform_interface"
                 ]
               },
               {
                 "name": "_flutterfire_internals",
                 "version": "1.3.35",
                 "kind": "transitive",
                 "source": "hosted",
                 "dependencies": [
                   "collection",
                   "firebase_core",
                   "firebase_core_platform_interface",
                   "flutter",
                   "meta"
                 ],
                 "directDependencies": [
                   "collection",
                   "firebase_core",
                   "firebase_core_platform_interface",
                   "flutter",
                   "meta"
                 ]
               },
               {
                 "name": "firebase_storage",
                 "version": "11.6.5",
                 "kind": "direct",
                 "source": "hosted",
                 "dependencies": [
                   "firebase_core",
                   "firebase_core_platform_interface",
                   "firebase_storage_platform_interface",
                   "firebase_storage_web",
                   "flutter"
                 ],
                 "directDependencies": [
                   "firebase_core",
                   "firebase_core_platform_interface",
                   "firebase_storage_platform_interface",
                   "firebase_storage_web",
                   "flutter"
                 ]
               },
               {
                 "name": "firebase_storage_web",
                 "version": "3.6.22",
                 "kind": "transitive",
                 "source": "hosted",
                 "dependencies": [
                   "_flutterfire_internals",
                   "async",
                   "firebase_core",
                   "firebase_core_web",
                   "firebase_storage_platform_interface",
                   "flutter",
                   "flutter_web_plugins",
                   "http",
                   "js",
                   "meta"
                 ],
                 "directDependencies": [
                   "_flutterfire_internals",
                   "async",
                   "firebase_core",
                   "firebase_core_web",
                   "firebase_storage_platform_interface",
                   "flutter",
                   "flutter_web_plugins",
                   "http",
                   "js",
                   "meta"
                 ]
               },
               {
                 "name": "firebase_storage_platform_interface",
                 "version": "5.1.22",
                 "kind": "transitive",
                 "source": "hosted",
                 "dependencies": [
                   "_flutterfire_internals",
                   "collection",
                   "firebase_core",
                   "flutter",
                   "meta",
                   "plugin_platform_interface"
                 ],
                 "directDependencies": [
                   "_flutterfire_internals",
                   "collection",
                   "firebase_core",
                   "flutter",
                   "meta",
                   "plugin_platform_interface"
                 ]
               },
               {
                 "name": "cloud_firestore",
                 "version": "4.17.5",
                 "kind": "direct",
                 "source": "hosted",
                 "dependencies": [
                   "cloud_firestore_platform_interface",
                   "cloud_firestore_web",
                   "collection",
                   "firebase_core",
                   "firebase_core_platform_interface",
                   "flutter",
                   "meta"
                 ],
                 "directDependencies": [
                   "cloud_firestore_platform_interface",
                   "cloud_firestore_web",
                   "collection",
                   "firebase_core",
                   "firebase_core_platform_interface",
                   "flutter",
                   "meta"
                 ]
               },
               {
                 "name": "cloud_firestore_web",
                 "version": "3.12.5",
                 "kind": "transitive",
                 "source": "hosted",
                 "dependencies": [
                   "_flutterfire_internals",
                   "cloud_firestore_platform_interface",
                   "collection",
                   "firebase_core",
                   "firebase_core_web",
                   "flutter",
                   "flutter_web_plugins"
                 ],
                 "directDependencies": [
                   "_flutterfire_internals",
                   "cloud_firestore_platform_interface",
                   "collection",
                   "firebase_core",
                   "firebase_core_web",
                   "flutter",
                   "flutter_web_plugins"
                 ]
               },
               {
                 "name": "cloud_firestore_platform_interface",
                 "version": "6.2.5",
                 "kind": "transitive",
                 "source": "hosted",
                 "dependencies": [
                   "_flutterfire_internals",
                   "collection",
                   "firebase_core",
                   "flutter",
                   "meta",
                   "plugin_platform_interface"
                 ],
                 "directDependencies": [
                   "_flutterfire_internals",
                   "collection",
                   "firebase_core",
                   "flutter",
                   "meta",
                   "plugin_platform_interface"
                 ]
               },
               {
                 "name": "firebase_auth",
                 "version": "4.16.0",
                 "kind": "direct",
                 "source": "hosted",
                 "dependencies": [
                   "firebase_auth_platform_interface",
                   "firebase_auth_web",
                   "firebase_core",
                   "firebase_core_platform_interface",
                   "flutter",
                   "meta"
                 ],
                 "directDependencies": [
                   "firebase_auth_platform_interface",
                   "firebase_auth_web",
                   "firebase_core",
                   "firebase_core_platform_interface",
                   "flutter",
                   "meta"
                 ]
               },
               {
                 "name": "firebase_auth_web",
                 "version": "5.8.13",
                 "kind": "transitive",
                 "source": "hosted",
                 "dependencies": [
                   "firebase_auth_platform_interface",
                   "firebase_core",
                   "firebase_core_web",
                   "flutter",
                   "flutter_web_plugins",
                   "http_parser",
                   "js",
                   "meta"
                 ],
                 "directDependencies": [
                   "firebase_auth_platform_interface",
                   "firebase_core",
                   "firebase_core_web",
                   "flutter",
                   "flutter_web_plugins",
                   "http_parser",
                   "js",
                   "meta"
                 ]
               },
               {
                 "name": "firebase_auth_platform_interface",
                 "version": "7.3.0",
                 "kind": "transitive",
                 "source": "hosted",
                 "dependencies": [
                   "_flutterfire_internals",
                   "collection",
                   "firebase_core",
                   "flutter",
                   "meta",
                   "plugin_platform_interface"
                 ],
                 "directDependencies": [
                   "_flutterfire_internals",
                   "collection",
                   "firebase_core",
                   "flutter",
                   "meta",
                   "plugin_platform_interface"
                 ]
               },
               {
                 "name": "flutter_secure_storage",
                 "version": "9.2.4",
                 "kind": "direct",
                 "source": "hosted",
                 "dependencies": [
                   "flutter",
                   "flutter_secure_storage_linux",
                   "flutter_secure_storage_macos",
                   "flutter_secure_storage_platform_interface",
                   "flutter_secure_storage_web",
                   "flutter_secure_storage_windows",
                   "meta"
                 ],
                 "directDependencies": [
                   "flutter",
                   "flutter_secure_storage_linux",
                   "flutter_secure_storage_macos",
                   "flutter_secure_storage_platform_interface",
                   "flutter_secure_storage_web",
                   "flutter_secure_storage_windows",
                   "meta"
                 ]
               },
               {
                 "name": "flutter_secure_storage_windows",
                 "version": "3.1.2",
                 "kind": "transitive",
                 "source": "hosted",
                 "dependencies": [
                   "ffi",
                   "flutter",
                   "flutter_secure_storage_platform_interface",
                   "path",
                   "path_provider",
                   "win32"
                 ],
                 "directDependencies": [
                   "ffi",
                   "flutter",
                   "flutter_secure_storage_platform_interface",
                   "path",
                   "path_provider",
                   "win32"
                 ]
               },
               {
                 "name": "flutter_secure_storage_platform_interface",
                 "version": "1.1.2",
                 "kind": "transitive",
                 "source": "hosted",
                 "dependencies": [
                   "flutter",
                   "plugin_platform_interface"
                 ],
                 "directDependencies": [
                   "flutter",
                   "plugin_platform_interface"
                 ]
               },
               {
                 "name": "flutter_secure_storage_web",
                 "version": "1.2.1",
                 "kind": "transitive",
                 "source": "hosted",
                 "dependencies": [
                   "flutter",
                   "flutter_secure_storage_platform_interface",
                   "flutter_web_plugins",
                   "js"
                 ],
                 "directDependencies": [
                   "flutter",
                   "flutter_secure_storage_platform_interface",
                   "flutter_web_plugins",
                   "js"
                 ]
               },
               {
                 "name": "flutter_secure_storage_macos",
                 "version": "3.1.3",
                 "kind": "transitive",
                 "source": "hosted",
                 "dependencies": [
                   "flutter",
                   "flutter_secure_storage_platform_interface"
                 ],
                 "directDependencies": [
                   "flutter",
                   "flutter_secure_storage_platform_interface"
                 ]
               },
               {
                 "name": "flutter_secure_storage_linux",
                 "version": "1.2.3",
                 "kind": "transitive",
                 "source": "hosted",
                 "dependencies": [
                   "flutter",
                   "flutter_secure_storage_platform_interface"
                 ],
                 "directDependencies": [
                   "flutter",
                   "flutter_secure_storage_platform_interface"
                 ]
               },
               {
                 "name": "shared_preferences",
                 "version": "2.5.3",
                 "kind": "direct",
                 "source": "hosted",
                 "dependencies": [
                   "flutter",
                   "shared_preferences_android",
                   "shared_preferences_foundation",
                   "shared_preferences_linux",
                   "shared_preferences_platform_interface",
                   "shared_preferences_web",
                   "shared_preferences_windows"
                 ],
                 "directDependencies": [
                   "flutter",
                   "shared_preferences_android",
                   "shared_preferences_foundation",
                   "shared_preferences_linux",
                   "shared_preferences_platform_interface",
                   "shared_preferences_web",
                   "shared_preferences_windows"
                 ]
               },
               {
                 "name": "shared_preferences_windows",
                 "version": "2.4.1",
                 "kind": "transitive",
                 "source": "hosted",
                 "dependencies": [
                   "file",
                   "flutter",
                   "path",
                   "path_provider_platform_interface",
                   "path_provider_windows",
                   "shared_preferences_platform_interface"
                 ],
                 "directDependencies": [
                   "file",
                   "flutter",
                   "path",
                   "path_provider_platform_interface",
                   "path_provider_windows",
                   "shared_preferences_platform_interface"
                 ]
               },
               {
                 "name": "shared_preferences_platform_interface",
                 "version": "2.4.1",
                 "kind": "transitive",
                 "source": "hosted",
                 "dependencies": [
                   "flutter",
                   "plugin_platform_interface"
                 ],
                 "directDependencies": [
                   "flutter",
                   "plugin_platform_interface"
                 ]
               },
               {
                 "name": "shared_preferences_web",
                 "version": "2.4.3",
                 "kind": "transitive",
                 "source": "hosted",
                 "dependencies": [
                   "flutter",
                   "flutter_web_plugins",
                   "shared_preferences_platform_interface",
                   "web"
                 ],
                 "directDependencies": [
                   "flutter",
                   "flutter_web_plugins",
                   "shared_preferences_platform_interface",
                   "web"
                 ]
               },
               {
                 "name": "shared_preferences_linux",
                 "version": "2.4.1",
                 "kind": "transitive",
                 "source": "hosted",
                 "dependencies": [
                   "file",
                   "flutter",
                   "path",
                   "path_provider_linux",
                   "path_provider_platform_interface",
                   "shared_preferences_platform_interface"
                 ],
                 "directDependencies": [
                   "file",
                   "flutter",
                   "path",
                   "path_provider_linux",
                   "path_provider_platform_interface",
                   "shared_preferences_platform_interface"
                 ]
               },
               {
                 "name": "shared_preferences_foundation",
                 "version": "2.5.4",
                 "kind": "transitive",
                 "source": "hosted",
                 "dependencies": [
                   "flutter",
                   "shared_preferences_platform_interface"
                 ],
                 "directDependencies": [
                   "flutter",
                   "shared_preferences_platform_interface"
                 ]
               },
               {
                 "name": "shared_preferences_android",
                 "version": "2.4.10",
                 "kind": "transitive",
                 "source": "hosted",
                 "dependencies": [
                   "flutter",
                   "shared_preferences_platform_interface"
                 ],
                 "directDependencies": [
                   "flutter",
                   "shared_preferences_platform_interface"
                 ]
               },
               {
                 "name": "intl",
                 "version": "0.18.1",
                 "kind": "direct",
                 "source": "hosted",
                 "dependencies": [
                   "clock",
                   "meta",
                   "path"
                 ],
                 "directDependencies": [
                   "clock",
                   "meta",
                   "path"
                 ]
               },
               {
                 "name": "math_expressions",
                 "version": "2.7.0",
                 "kind": "direct",
                 "source": "hosted",
                 "dependencies": [
                   "petitparser",
                   "vector_math"
                 ],
                 "directDependencies": [
                   "petitparser",
                   "vector_math"
                 ]
               },
               {
                 "name": "petitparser",
                 "version": "6.1.0",
                 "kind": "transitive",
                 "source": "hosted",
                 "dependencies": [
                   "meta",
                   "collection"
                 ],
                 "directDependencies": [
                   "meta",
                   "collection"
                 ]
               },
               {
                 "name": "table_calendar",
                 "version": "3.0.9",
                 "kind": "direct",
                 "source": "hosted",
                 "dependencies": [
                   "flutter",
                   "intl",
                   "simple_gesture_detector"
                 ],
                 "directDependencies": [
                   "flutter",
                   "intl",
                   "simple_gesture_detector"
                 ]
               },
               {
                 "name": "simple_gesture_detector",
                 "version": "0.2.1",
                 "kind": "transitive",
                 "source": "hosted",
                 "dependencies": [
                   "flutter"
                 ],
                 "directDependencies": [
                   "flutter"
                 ]
               },
               {
                 "name": "flutter_local_notifications",
                 "version": "15.1.3",
                 "kind": "direct",
                 "source": "hosted",
                 "dependencies": [
                   "clock",
                   "flutter",
                   "flutter_local_notifications_linux",
                   "flutter_local_notifications_platform_interface",
                   "timezone"
                 ],
                 "directDependencies": [
                   "clock",
                   "flutter",
                   "flutter_local_notifications_linux",
                   "flutter_local_notifications_platform_interface",
                   "timezone"
                 ]
               },
               {
                 "name": "timezone",
                 "version": "0.9.4",
                 "kind": "transitive",
                 "source": "hosted",
                 "dependencies": [
                   "path"
                 ],
                 "directDependencies": [
                   "path"
                 ]
               },
               {
                 "name": "flutter_local_notifications_platform_interface",
                 "version": "7.2.0",
                 "kind": "transitive",
                 "source": "hosted",
                 "dependencies": [
                   "flutter",
                   "plugin_platform_interface"
                 ],
                 "directDependencies": [
                   "flutter",
                   "plugin_platform_interface"
                 ]
               },
               {
                 "name": "flutter_local_notifications_linux",
                 "version": "4.0.1",
                 "kind": "transitive",
                 "source": "hosted",
                 "dependencies": [
                   "dbus",
                   "ffi",
                   "flutter",
                   "flutter_local_notifications_platform_interface",
                   "path",
                   "xdg_directories"
                 ],
                 "directDependencies": [
                   "dbus",
                   "ffi",
                   "flutter",
                   "flutter_local_notifications_platform_interface",
                   "path",
                   "xdg_directories"
                 ]
               },
               {
                 "name": "dbus",
                 "version": "0.7.11",
                 "kind": "transitive",
                 "source": "hosted",
                 "dependencies": [
                   "args",
                   "ffi",
                   "meta",
                   "xml"
                 ],
                 "directDependencies": [
                   "args",
                   "ffi",
                   "meta",
                   "xml"
                 ]
               },
               {
                 "name": "xml",
                 "version": "6.5.0",
                 "kind": "transitive",
                 "source": "hosted",
                 "dependencies": [
                   "collection",
                   "meta",
                   "petitparser"
                 ],
                 "directDependencies": [
                   "collection",
                   "meta",
                   "petitparser"
                 ]
               },
               {
                 "name": "permission_handler",
                 "version": "11.4.0",
                 "kind": "direct",
                 "source": "hosted",
                 "dependencies": [
                   "flutter",
                   "meta",
                   "permission_handler_android",
                   "permission_handler_apple",
                   "permission_handler_html",
                   "permission_handler_windows",
                   "permission_handler_platform_interface"
                 ],
                 "directDependencies": [
                   "flutter",
                   "meta",
                   "permission_handler_android",
                   "permission_handler_apple",
                   "permission_handler_html",
                   "permission_handler_windows",
                   "permission_handler_platform_interface"
                 ]
               },
               {
                 "name": "permission_handler_platform_interface",
                 "version": "4.3.0",
                 "kind": "transitive",
                 "source": "hosted",
                 "dependencies": [
                   "flutter",
                   "meta",
                   "plugin_platform_interface"
                 ],
                 "directDependencies": [
                   "flutter",
                   "meta",
                   "plugin_platform_interface"
                 ]
               },
               {
                 "name": "permission_handler_windows",
                 "version": "0.2.1",
                 "kind": "transitive",
                 "source": "hosted",
                 "dependencies": [
                   "flutter",
                   "permission_handler_platform_interface"
                 ],
                 "directDependencies": [
                   "flutter",
                   "permission_handler_platform_interface"
                 ]
               },
               {
                 "name": "permission_handler_html",
                 "version": "0.1.3+5",
                 "kind": "transitive",
                 "source": "hosted",
                 "dependencies": [
                   "flutter",
                   "flutter_web_plugins",
                   "permission_handler_platform_interface",
                   "web"
                 ],
                 "directDependencies": [
                   "flutter",
                   "flutter_web_plugins",
                   "permission_handler_platform_interface",
                   "web"
                 ]
               },
               {
                 "name": "permission_handler_apple",
                 "version": "9.4.7",
                 "kind": "transitive",
                 "source": "hosted",
                 "dependencies": [
                   "flutter",
                   "permission_handler_platform_interface"
                 ],
                 "directDependencies": [
                   "flutter",
                   "permission_handler_platform_interface"
                 ]
               },
               {
                 "name": "permission_handler_android",
                 "version": "12.1.0",
                 "kind": "transitive",
                 "source": "hosted",
                 "dependencies": [
                   "flutter",
                   "permission_handler_platform_interface"
                 ],
                 "directDependencies": [
                   "flutter",
                   "permission_handler_platform_interface"
                 ]
               },
               {
                 "name": "printing",
                 "version": "5.14.2",
                 "kind": "direct",
                 "source": "hosted",
                 "dependencies": [
                   "ffi",
                   "flutter",
                   "flutter_web_plugins",
                   "http",
                   "image",
                   "meta",
                   "pdf",
                   "pdf_widget_wrapper",
                   "plugin_platform_interface",
                   "web"
                 ],
                 "directDependencies": [
                   "ffi",
                   "flutter",
                   "flutter_web_plugins",
                   "http",
                   "image",
                   "meta",
                   "pdf",
                   "pdf_widget_wrapper",
                   "plugin_platform_interface",
                   "web"
                 ]
               },
               {
                 "name": "pdf_widget_wrapper",
                 "version": "1.0.4",
                 "kind": "transitive",
                 "source": "hosted",
                 "dependencies": [
                   "flutter",
                   "pdf"
                 ],
                 "directDependencies": [
                   "flutter",
                   "pdf"
                 ]
               },
               {
                 "name": "pdf",
                 "version": "3.11.3",
                 "kind": "direct",
                 "source": "hosted",
                 "dependencies": [
                   "archive",
                   "barcode",
                   "bidi",
                   "crypto",
                   "image",
                   "meta",
                   "path_parsing",
                   "vector_math",
                   "xml"
                 ],
                 "directDependencies": [
                   "archive",
                   "barcode",
                   "bidi",
                   "crypto",
                   "image",
                   "meta",
                   "path_parsing",
                   "vector_math",
                   "xml"
                 ]
               },
               {
                 "name": "path_parsing",
                 "version": "1.1.0",
                 "kind": "transitive",
                 "source": "hosted",
                 "dependencies": [
                   "meta",
                   "vector_math"
                 ],
                 "directDependencies": [
                   "meta",
                   "vector_math"
                 ]
               },
               {
                 "name": "image",
                 "version": "4.5.4",
                 "kind": "transitive",
                 "source": "hosted",
                 "dependencies": [
                   "archive",
                   "meta",
                   "xml"
                 ],
                 "directDependencies": [
                   "archive",
                   "meta",
                   "xml"
                 ]
               },
               {
                 "name": "archive",
                 "version": "4.0.7",
                 "kind": "transitive",
                 "source": "hosted",
                 "dependencies": [
                   "crypto",
                   "path",
                   "posix"
                 ],
                 "directDependencies": [
                   "crypto",
                   "path",
                   "posix"
                 ]
               },
               {
                 "name": "posix",
                 "version": "6.0.3",
                 "kind": "transitive",
                 "source": "hosted",
                 "dependencies": [
                   "ffi",
                   "meta",
                   "path"
                 ],
                 "directDependencies": [
                   "ffi",
                   "meta",
                   "path"
                 ]
               },
               {
                 "name": "bidi",
                 "version": "2.0.13",
                 "kind": "transitive",
                 "source": "hosted",
                 "dependencies": [],
                 "directDependencies": []
               },
               {
                 "name": "barcode",
                 "version": "2.2.9",
                 "kind": "transitive",
                 "source": "hosted",
                 "dependencies": [
                   "meta",
                   "qr"
                 ],
                 "directDependencies": [
                   "meta",
                   "qr"
                 ]
               },
               {
                 "name": "qr",
                 "version": "3.0.2",
                 "kind": "transitive",
                 "source": "hosted",
                 "dependencies": [
                   "meta"
                 ],
                 "directDependencies": [
                   "meta"
                 ]
               },
               {
                 "name": "photo_view",
                 "version": "0.14.0",
                 "kind": "direct",
                 "source": "hosted",
                 "dependencies": [
                   "flutter"
                 ],
                 "directDependencies": [
                   "flutter"
                 ]
               },
               {
                 "name": "image_picker",
                 "version": "1.1.2",
                 "kind": "direct",
                 "source": "hosted",
                 "dependencies": [
                   "flutter",
                   "image_picker_android",
                   "image_picker_for_web",
                   "image_picker_ios",
                   "image_picker_linux",
                   "image_picker_macos",
                   "image_picker_platform_interface",
                   "image_picker_windows"
                 ],
                 "directDependencies": [
                   "flutter",
                   "image_picker_android",
                   "image_picker_for_web",
                   "image_picker_ios",
                   "image_picker_linux",
                   "image_picker_macos",
                   "image_picker_platform_interface",
                   "image_picker_windows"
                 ]
               },
               {
                 "name": "image_picker_windows",
                 "version": "0.2.1+1",
                 "kind": "transitive",
                 "source": "hosted",
                 "dependencies": [
                   "file_selector_platform_interface",
                   "file_selector_windows",
                   "flutter",
                   "image_picker_platform_interface"
                 ],
                 "directDependencies": [
                   "file_selector_platform_interface",
                   "file_selector_windows",
                   "flutter",
                   "image_picker_platform_interface"
                 ]
               },
               {
                 "name": "image_picker_platform_interface",
                 "version": "2.10.1",
                 "kind": "transitive",
                 "source": "hosted",
                 "dependencies": [
                   "cross_file",
                   "flutter",
                   "http",
                   "plugin_platform_interface"
                 ],
                 "directDependencies": [
                   "cross_file",
                   "flutter",
                   "http",
                   "plugin_platform_interface"
                 ]
               },
               {
                 "name": "file_selector_windows",
                 "version": "0.9.3+4",
                 "kind": "transitive",
                 "source": "hosted",
                 "dependencies": [
                   "cross_file",
                   "file_selector_platform_interface",
                   "flutter"
                 ],
                 "directDependencies": [
                   "cross_file",
                   "file_selector_platform_interface",
                   "flutter"
                 ]
               },
               {
                 "name": "file_selector_platform_interface",
                 "version": "2.6.2",
                 "kind": "transitive",
                 "source": "hosted",
                 "dependencies": [
                   "cross_file",
                   "flutter",
                   "http",
                   "plugin_platform_interface"
                 ],
                 "directDependencies": [
                   "cross_file",
                   "flutter",
                   "http",
                   "plugin_platform_interface"
                 ]
               },
               {
                 "name": "image_picker_macos",
                 "version": "0.2.1+2",
                 "kind": "transitive",
                 "source": "hosted",
                 "dependencies": [
                   "file_selector_macos",
                   "file_selector_platform_interface",
                   "flutter",
                   "image_picker_platform_interface"
                 ],
                 "directDependencies": [
                   "file_selector_macos",
                   "file_selector_platform_interface",
                   "flutter",
                   "image_picker_platform_interface"
                 ]
               },
               {
                 "name": "file_selector_macos",
                 "version": "0.9.4+3",
                 "kind": "transitive",
                 "source": "hosted",
                 "dependencies": [
                   "cross_file",
                   "file_selector_platform_interface",
                   "flutter"
                 ],
                 "directDependencies": [
                   "cross_file",
                   "file_selector_platform_interface",
                   "flutter"
                 ]
               },
               {
                 "name": "image_picker_linux",
                 "version": "0.2.1+2",
                 "kind": "transitive",
                 "source": "hosted",
                 "dependencies": [
                   "file_selector_linux",
                   "file_selector_platform_interface",
                   "flutter",
                   "image_picker_platform_interface"
                 ],
                 "directDependencies": [
                   "file_selector_linux",
                   "file_selector_platform_interface",
                   "flutter",
                   "image_picker_platform_interface"
                 ]
               },
               {
                 "name": "file_selector_linux",
                 "version": "0.9.3+2",
                 "kind": "transitive",
                 "source": "hosted",
                 "dependencies": [
                   "cross_file",
                   "file_selector_platform_interface",
                   "flutter"
                 ],
                 "directDependencies": [
                   "cross_file",
                   "file_selector_platform_interface",
                   "flutter"
                 ]
               },
               {
                 "name": "image_picker_ios",
                 "version": "0.8.12+2",
                 "kind": "transitive",
                 "source": "hosted",
                 "dependencies": [
                   "flutter",
                   "image_picker_platform_interface"
                 ],
                 "directDependencies": [
                   "flutter",
                   "image_picker_platform_interface"
                 ]
               },
               {
                 "name": "image_picker_for_web",
                 "version": "3.0.6",
                 "kind": "transitive",
                 "source": "hosted",
                 "dependencies": [
                   "flutter",
                   "flutter_web_plugins",
                   "image_picker_platform_interface",
                   "mime",
                   "web"
                 ],
                 "directDependencies": [
                   "flutter",
                   "flutter_web_plugins",
                   "image_picker_platform_interface",
                   "mime",
                   "web"
                 ]
               },
               {
                 "name": "image_picker_android",
                 "version": "0.8.12+23",
                 "kind": "transitive",
                 "source": "hosted",
                 "dependencies": [
                   "flutter",
                   "flutter_plugin_android_lifecycle",
                   "image_picker_platform_interface"
                 ],
                 "directDependencies": [
                   "flutter",
                   "flutter_plugin_android_lifecycle",
                   "image_picker_platform_interface"
                 ]
               },
               {
                 "name": "flutter_plugin_android_lifecycle",
                 "version": "2.0.28",
                 "kind": "transitive",
                 "source": "hosted",
                 "dependencies": [
                   "flutter"
                 ],
                 "directDependencies": [
                   "flutter"
                 ]
               },
               {
                 "name": "camera",
                 "version": "0.10.6",
                 "kind": "direct",
                 "source": "hosted",
                 "dependencies": [
                   "camera_android",
                   "camera_avfoundation",
                   "camera_platform_interface",
                   "camera_web",
                   "flutter",
                   "flutter_plugin_android_lifecycle"
                 ],
                 "directDependencies": [
                   "camera_android",
                   "camera_avfoundation",
                   "camera_platform_interface",
                   "camera_web",
                   "flutter",
                   "flutter_plugin_android_lifecycle"
                 ]
               },
               {
                 "name": "camera_web",
                 "version": "0.3.5",
                 "kind": "transitive",
                 "source": "hosted",
                 "dependencies": [
                   "camera_platform_interface",
                   "flutter",
                   "flutter_web_plugins",
                   "stream_transform",
                   "web"
                 ],
                 "directDependencies": [
                   "camera_platform_interface",
                   "flutter",
                   "flutter_web_plugins",
                   "stream_transform",
                   "web"
                 ]
               },
               {
                 "name": "camera_platform_interface",
                 "version": "2.10.0",
                 "kind": "transitive",
                 "source": "hosted",
                 "dependencies": [
                   "cross_file",
                   "flutter",
                   "plugin_platform_interface",
                   "stream_transform"
                 ],
                 "directDependencies": [
                   "cross_file",
                   "flutter",
                   "plugin_platform_interface",
                   "stream_transform"
                 ]
               },
               {
                 "name": "camera_avfoundation",
                 "version": "0.9.20+1",
                 "kind": "transitive",
                 "source": "hosted",
                 "dependencies": [
                   "camera_platform_interface",
                   "flutter",
                   "stream_transform"
                 ],
                 "directDependencies": [
                   "camera_platform_interface",
                   "flutter",
                   "stream_transform"
                 ]
               },
               {
                 "name": "camera_android",
                 "version": "0.10.10+3",
                 "kind": "transitive",
                 "source": "hosted",
                 "dependencies": [
                   "camera_platform_interface",
                   "flutter",
                   "flutter_plugin_android_lifecycle",
                   "stream_transform"
                 ],
                 "directDependencies": [
                   "camera_platform_interface",
                   "flutter",
                   "flutter_plugin_android_lifecycle",
                   "stream_transform"
                 ]
               },
               {
                 "name": "cached_network_image",
                 "version": "3.4.1",
                 "kind": "direct",
                 "source": "hosted",
                 "dependencies": [
                   "cached_network_image_platform_interface",
                   "cached_network_image_web",
                   "flutter",
                   "flutter_cache_manager",
                   "octo_image"
                 ],
                 "directDependencies": [
                   "cached_network_image_platform_interface",
                   "cached_network_image_web",
                   "flutter",
                   "flutter_cache_manager",
                   "octo_image"
                 ]
               },
               {
                 "name": "octo_image",
                 "version": "2.1.0",
                 "kind": "transitive",
                 "source": "hosted",
                 "dependencies": [
                   "flutter"
                 ],
                 "directDependencies": [
                   "flutter"
                 ]
               },
               {
                 "name": "flutter_cache_manager",
                 "version": "3.4.1",
                 "kind": "transitive",
                 "source": "hosted",
                 "dependencies": [
                   "clock",
                   "collection",
                   "file",
                   "flutter",
                   "http",
                   "path",
                   "path_provider",
                   "rxdart",
                   "sqflite",
                   "uuid"
                 ],
                 "directDependencies": [
                   "clock",
                   "collection",
                   "file",
                   "flutter",
                   "http",
                   "path",
                   "path_provider",
                   "rxdart",
                   "sqflite",
                   "uuid"
                 ]
               },
               {
                 "name": "sqflite",
                 "version": "2.4.2",
                 "kind": "direct",
                 "source": "hosted",
                 "dependencies": [
                   "flutter",
                   "sqflite_android",
                   "sqflite_darwin",
                   "sqflite_platform_interface",
                   "sqflite_common",
                   "path"
                 ],
                 "directDependencies": [
                   "flutter",
                   "sqflite_android",
                   "sqflite_darwin",
                   "sqflite_platform_interface",
                   "sqflite_common",
                   "path"
                 ]
               },
               {
                 "name": "sqflite_common",
                 "version": "2.5.5",
                 "kind": "transitive",
                 "source": "hosted",
                 "dependencies": [
                   "synchronized",
                   "path",
                   "meta"
                 ],
                 "directDependencies": [
                   "synchronized",
                   "path",
                   "meta"
                 ]
               },
               {
                 "name": "synchronized",
                 "version": "3.4.0",
                 "kind": "transitive",
                 "source": "hosted",
                 "dependencies": [],
                 "directDependencies": []
               },
               {
                 "name": "sqflite_platform_interface",
                 "version": "2.4.0",
                 "kind": "transitive",
                 "source": "hosted",
                 "dependencies": [
                   "flutter",
                   "platform",
                   "sqflite_common",
                   "plugin_platform_interface",
                   "meta"
                 ],
                 "directDependencies": [
                   "flutter",
                   "platform",
                   "sqflite_common",
                   "plugin_platform_interface",
                   "meta"
                 ]
               },
               {
                 "name": "sqflite_darwin",
                 "version": "2.4.2",
                 "kind": "transitive",
                 "source": "hosted",
                 "dependencies": [
                   "flutter",
                   "sqflite_platform_interface",
                   "meta",
                   "sqflite_common",
                   "path"
                 ],
                 "directDependencies": [
                   "flutter",
                   "sqflite_platform_interface",
                   "meta",
                   "sqflite_common",
                   "path"
                 ]
               },
               {
                 "name": "sqflite_android",
                 "version": "2.4.1",
                 "kind": "transitive",
                 "source": "hosted",
                 "dependencies": [
                   "flutter",
                   "sqflite_common",
                   "path",
                   "sqflite_platform_interface"
                 ],
                 "directDependencies": [
                   "flutter",
                   "sqflite_common",
                   "path",
                   "sqflite_platform_interface"
                 ]
               },
               {
                 "name": "rxdart",
                 "version": "0.28.0",
                 "kind": "transitive",
                 "source": "hosted",
                 "dependencies": [],
                 "directDependencies": []
               },
               {
                 "name": "cached_network_image_web",
                 "version": "1.3.1",
                 "kind": "transitive",
                 "source": "hosted",
                 "dependencies": [
                   "cached_network_image_platform_interface",
                   "flutter",
                   "flutter_cache_manager",
                   "web"
                 ],
                 "directDependencies": [
                   "cached_network_image_platform_interface",
                   "flutter",
                   "flutter_cache_manager",
                   "web"
                 ]
               },
               {
                 "name": "cached_network_image_platform_interface",
                 "version": "4.1.1",
                 "kind": "transitive",
                 "source": "hosted",
                 "dependencies": [
                   "flutter",
                   "flutter_cache_manager"
                 ],
                 "directDependencies": [
                   "flutter",
                   "flutter_cache_manager"
                 ]
               },
               {
                 "name": "flutter_svg",
                 "version": "2.2.0",
                 "kind": "direct",
                 "source": "hosted",
                 "dependencies": [
                   "flutter",
                   "http",
                   "vector_graphics",
                   "vector_graphics_codec",
                   "vector_graphics_compiler"
                 ],
                 "directDependencies": [
                   "flutter",
                   "http",
                   "vector_graphics",
                   "vector_graphics_codec",
                   "vector_graphics_compiler"
                 ]
               },
               {
                 "name": "vector_graphics_compiler",
                 "version": "1.1.17",
                 "kind": "transitive",
                 "source": "hosted",
                 "dependencies": [
                   "args",
                   "meta",
                   "path",
                   "path_parsing",
                   "vector_graphics_codec",
                   "xml"
                 ],
                 "directDependencies": [
                   "args",
                   "meta",
                   "path",
                   "path_parsing",
                   "vector_graphics_codec",
                   "xml"
                 ]
               },
               {
                 "name": "vector_graphics_codec",
                 "version": "1.1.13",
                 "kind": "transitive",
                 "source": "hosted",
                 "dependencies": [],
                 "directDependencies": []
               },
               {
                 "name": "vector_graphics",
                 "version": "1.1.19",
                 "kind": "transitive",
                 "source": "hosted",
                 "dependencies": [
                   "flutter",
                   "http",
                   "vector_graphics_codec"
                 ],
                 "directDependencies": [
                   "flutter",
                   "http",
                   "vector_graphics_codec"
                 ]
               },
               {
                 "name": "connectivity_plus",
                 "version": "4.0.2",
                 "kind": "direct",
                 "source": "hosted",
                 "dependencies": [
                   "flutter",
                   "flutter_web_plugins",
                   "connectivity_plus_platform_interface",
                   "js",
                   "meta",
                   "nm"
                 ],
                 "directDependencies": [
                   "flutter",
                   "flutter_web_plugins",
                   "connectivity_plus_platform_interface",
                   "js",
                   "meta",
                   "nm"
                 ]
               },
               {
                 "name": "nm",
                 "version": "0.5.0",
                 "kind": "transitive",
                 "source": "hosted",
                 "dependencies": [
                   "dbus"
                 ],
                 "directDependencies": [
                   "dbus"
                 ]
               },
               {
                 "name": "connectivity_plus_platform_interface",
                 "version": "1.2.4",
                 "kind": "transitive",
                 "source": "hosted",
                 "dependencies": [
                   "flutter",
                   "meta",
                   "plugin_platform_interface"
                 ],
                 "directDependencies": [
                   "flutter",
                   "meta",
                   "plugin_platform_interface"
                 ]
               },
               {
                 "name": "dio",
                 "version": "5.8.0+1",
                 "kind": "direct",
                 "source": "hosted",
                 "dependencies": [
                   "async",
                   "collection",
                   "http_parser",
                   "meta",
                   "path",
                   "dio_web_adapter"
                 ],
                 "directDependencies": [
                   "async",
                   "collection",
                   "http_parser",
                   "meta",
                   "path",
                   "dio_web_adapter"
                 ]
               },
               {
                 "name": "dio_web_adapter",
                 "version": "2.1.1",
                 "kind": "transitive",
                 "source": "hosted",
                 "dependencies": [
                   "dio",
                   "http_parser",
                   "meta",
                   "web"
                 ],
                 "directDependencies": [
                   "dio",
                   "http_parser",
                   "meta",
                   "web"
                 ]
               },
               {
                 "name": "hive_flutter",
                 "version": "1.1.0",
                 "kind": "direct",
                 "source": "hosted",
                 "dependencies": [
                   "flutter",
                   "hive",
                   "path_provider",
                   "path"
                 ],
                 "directDependencies": [
                   "flutter",
                   "hive",
                   "path_provider",
                   "path"
                 ]
               },
               {
                 "name": "geolocator",
                 "version": "9.0.2",
                 "kind": "direct",
                 "source": "hosted",
                 "dependencies": [
                   "flutter",
                   "geolocator_platform_interface",
                   "geolocator_android",
                   "geolocator_apple",
                   "geolocator_web",
                   "geolocator_windows"
                 ],
                 "directDependencies": [
                   "flutter",
                   "geolocator_platform_interface",
                   "geolocator_android",
                   "geolocator_apple",
                   "geolocator_web",
                   "geolocator_windows"
                 ]
               },
               {
                 "name": "geolocator_windows",
                 "version": "0.1.3",
                 "kind": "transitive",
                 "source": "hosted",
                 "dependencies": [
                   "flutter",
                   "geolocator_platform_interface"
                 ],
                 "directDependencies": [
                   "flutter",
                   "geolocator_platform_interface"
                 ]
               },
               {
                 "name": "geolocator_platform_interface",
                 "version": "4.2.6",
                 "kind": "transitive",
                 "source": "hosted",
                 "dependencies": [
                   "flutter",
                   "plugin_platform_interface",
                   "vector_math",
                   "meta"
                 ],
                 "directDependencies": [
                   "flutter",
                   "plugin_platform_interface",
                   "vector_math",
                   "meta"
                 ]
               },
               {
                 "name": "geolocator_web",
                 "version": "2.2.1",
                 "kind": "transitive",
                 "source": "hosted",
                 "dependencies": [
                   "flutter",
                   "flutter_web_plugins",
                   "geolocator_platform_interface"
                 ],
                 "directDependencies": [
                   "flutter",
                   "flutter_web_plugins",
                   "geolocator_platform_interface"
                 ]
               },
               {
                 "name": "geolocator_apple",
                 "version": "2.3.13",
                 "kind": "transitive",
                 "source": "hosted",
                 "dependencies": [
                   "flutter",
                   "geolocator_platform_interface"
                 ],
                 "directDependencies": [
                   "flutter",
                   "geolocator_platform_interface"
                 ]
               },
               {
                 "name": "geolocator_android",
                 "version": "4.6.2",
                 "kind": "transitive",
                 "source": "hosted",
                 "dependencies": [
                   "flutter",
                   "geolocator_platform_interface",
                   "meta",
                   "uuid"
                 ],
                 "directDependencies": [
                   "flutter",
                   "geolocator_platform_interface",
                   "meta",
                   "uuid"
                 ]
               },
               {
                 "name": "geocoding",
                 "version": "2.2.2",
                 "kind": "direct",
                 "source": "hosted",
                 "dependencies": [
                   "flutter",
                   "geocoding_platform_interface",
                   "geocoding_android",
                   "geocoding_ios"
                 ],
                 "directDependencies": [
                   "flutter",
                   "geocoding_platform_interface",
                   "geocoding_android",
                   "geocoding_ios"
                 ]
               },
               {
                 "name": "geocoding_ios",
                 "version": "2.3.0",
                 "kind": "transitive",
                 "source": "hosted",
                 "dependencies": [
                   "flutter",
                   "geocoding_platform_interface"
                 ],
                 "directDependencies": [
                   "flutter",
                   "geocoding_platform_interface"
                 ]
               },
               {
                 "name": "geocoding_platform_interface",
                 "version": "3.2.0",
                 "kind": "transitive",
                 "source": "hosted",
                 "dependencies": [
                   "flutter",
                   "meta",
                   "plugin_platform_interface"
                 ],
                 "directDependencies": [
                   "flutter",
                   "meta",
                   "plugin_platform_interface"
                 ]
               },
               {
                 "name": "geocoding_android",
                 "version": "3.3.1",
                 "kind": "transitive",
                 "source": "hosted",
                 "dependencies": [
                   "flutter",
                   "geocoding_platform_interface"
                 ],
                 "directDependencies": [
                   "flutter",
                   "geocoding_platform_interface"
                 ]
               },
               {
                 "name": "location",
                 "version": "5.0.3",
                 "kind": "direct",
                 "source": "hosted",
                 "dependencies": [
                   "flutter",
                   "location_platform_interface",
                   "location_web"
                 ],
                 "directDependencies": [
                   "flutter",
                   "location_platform_interface",
                   "location_web"
                 ]
               },
               {
                 "name": "location_web",
                 "version": "4.2.0",
                 "kind": "transitive",
                 "source": "hosted",
                 "dependencies": [
                   "flutter",
                   "flutter_web_plugins",
                   "http_parser",
                   "js",
                   "location_platform_interface"
                 ],
                 "directDependencies": [
                   "flutter",
                   "flutter_web_plugins",
                   "http_parser",
                   "js",
                   "location_platform_interface"
                 ]
               },
               {
                 "name": "location_platform_interface",
                 "version": "3.1.2",
                 "kind": "transitive",
                 "source": "hosted",
                 "dependencies": [
                   "flutter",
                   "plugin_platform_interface"
                 ],
                 "directDependencies": [
                   "flutter",
                   "plugin_platform_interface"
                 ]
               },
               {
                 "name": "google_maps_flutter",
                 "version": "2.12.3",
                 "kind": "direct",
                 "source": "hosted",
                 "dependencies": [
                   "flutter",
                   "google_maps_flutter_android",
                   "google_maps_flutter_ios",
                   "google_maps_flutter_platform_interface",
                   "google_maps_flutter_web"
                 ],
                 "directDependencies": [
                   "flutter",
                   "google_maps_flutter_android",
                   "google_maps_flutter_ios",
                   "google_maps_flutter_platform_interface",
                   "google_maps_flutter_web"
                 ]
               },
               {
                 "name": "google_maps_flutter_web",
                 "version": "0.5.12+2",
                 "kind": "transitive",
                 "source": "hosted",
                 "dependencies": [
                   "collection",
                   "flutter",
                   "flutter_web_plugins",
                   "google_maps",
                   "google_maps_flutter_platform_interface",
                   "sanitize_html",
                   "stream_transform",
                   "web"
                 ],
                 "directDependencies": [
                   "collection",
                   "flutter",
                   "flutter_web_plugins",
                   "google_maps",
                   "google_maps_flutter_platform_interface",
                   "sanitize_html",
                   "stream_transform",
                   "web"
                 ]
               },
               {
                 "name": "sanitize_html",
                 "version": "2.1.0",
                 "kind": "transitive",
                 "source": "hosted",
                 "dependencies": [
                   "html",
                   "meta"
                 ],
                 "directDependencies": [
                   "html",
                   "meta"
                 ]
               },
               {
                 "name": "html",
                 "version": "0.15.6",
                 "kind": "transitive",
                 "source": "hosted",
                 "dependencies": [
                   "csslib",
                   "source_span"
                 ],
                 "directDependencies": [
                   "csslib",
                   "source_span"
                 ]
               },
               {
                 "name": "csslib",
                 "version": "1.0.2",
                 "kind": "transitive",
                 "source": "hosted",
                 "dependencies": [
                   "source_span"
                 ],
                 "directDependencies": [
                   "source_span"
                 ]
               },
               {
                 "name": "google_maps_flutter_platform_interface",
                 "version": "2.12.1",
                 "kind": "transitive",
                 "source": "hosted",
                 "dependencies": [
                   "collection",
                   "flutter",
                   "plugin_platform_interface",
                   "stream_transform"
                 ],
                 "directDependencies": [
                   "collection",
                   "flutter",
                   "plugin_platform_interface",
                   "stream_transform"
                 ]
               },
               {
                 "name": "google_maps",
                 "version": "8.1.1",
                 "kind": "transitive",
                 "source": "hosted",
                 "dependencies": [
                   "meta",
                   "web"
                 ],
                 "directDependencies": [
                   "meta",
                   "web"
                 ]
               },
               {
                 "name": "google_maps_flutter_ios",
                 "version": "2.15.4",
                 "kind": "transitive",
                 "source": "hosted",
                 "dependencies": [
                   "flutter",
                   "google_maps_flutter_platform_interface",
                   "stream_transform"
                 ],
                 "directDependencies": [
                   "flutter",
                   "google_maps_flutter_platform_interface",
                   "stream_transform"
                 ]
               },
               {
                 "name": "google_maps_flutter_android",
                 "version": "2.16.2",
                 "kind": "transitive",
                 "source": "hosted",
                 "dependencies": [
                   "flutter",
                   "flutter_plugin_android_lifecycle",
                   "google_maps_flutter_platform_interface",
                   "stream_transform"
                 ],
                 "directDependencies": [
                   "flutter",
                   "flutter_plugin_android_lifecycle",
                   "google_maps_flutter_platform_interface",
                   "stream_transform"
                 ]
               },
               {
                 "name": "flutter_bloc",
                 "version": "8.1.6",
                 "kind": "direct",
                 "source": "hosted",
                 "dependencies": [
                   "bloc",
                   "flutter",
                   "provider"
                 ],
                 "directDependencies": [
                   "bloc",
                   "flutter",
                   "provider"
                 ]
               },
               {
                 "name": "provider",
                 "version": "6.1.5",
                 "kind": "direct",
                 "source": "hosted",
                 "dependencies": [
                   "collection",
                   "flutter",
                   "nested"
                 ],
                 "directDependencies": [
                   "collection",
                   "flutter",
                   "nested"
                 ]
               },
               {
                 "name": "nested",
                 "version": "1.0.0",
                 "kind": "transitive",
                 "source": "hosted",
                 "dependencies": [
                   "flutter"
                 ],
                 "directDependencies": [
                   "flutter"
                 ]
               },
               {
                 "name": "bloc",
                 "version": "8.1.4",
                 "kind": "transitive",
                 "source": "hosted",
                 "dependencies": [
                   "meta"
                 ],
                 "directDependencies": [
                   "meta"
                 ]
               },
               {
                 "name": "cupertino_icons",
                 "version": "1.0.8",
                 "kind": "direct",
                 "source": "hosted",
                 "dependencies": [],
                 "directDependencies": []
               }
             ],
             "sdks": [
               {
                 "name": "Dart",
                 "version": "3.8.1"
               },
               {
                 "name": "Flutter",
                 "version": "3.32.5"
               }
             ],
             "executables": [
               "math_expressions:interpreter",
               "mockito:codegen",
               "build_runner",
               "build_runner:graph_inspector"
             ]
           }
[  +25 ms] Found plugin camera at /home/ubuntu/.pub-cache/hosted/pub.dev/camera-0.10.6/
[   +1 ms] Found plugin camera_android at /home/ubuntu/.pub-cache/hosted/pub.dev/camera_android-0.10.10+3/
[        ] Found plugin camera_avfoundation at /home/ubuntu/.pub-cache/hosted/pub.dev/camera_avfoundation-0.9.20+1/
[   +1 ms] Found plugin camera_web at /home/ubuntu/.pub-cache/hosted/pub.dev/camera_web-0.3.5/
[   +2 ms] Found plugin cloud_firestore at /home/ubuntu/.pub-cache/hosted/pub.dev/cloud_firestore-4.17.5/
[   +1 ms] Found plugin cloud_firestore_web at /home/ubuntu/.pub-cache/hosted/pub.dev/cloud_firestore_web-3.12.5/
[   +1 ms] Found plugin connectivity_plus at /home/ubuntu/.pub-cache/hosted/pub.dev/connectivity_plus-4.0.2/
[   +7 ms] Found plugin file_selector_linux at /home/ubuntu/.pub-cache/hosted/pub.dev/file_selector_linux-0.9.3+2/
[        ] Found plugin file_selector_macos at /home/ubuntu/.pub-cache/hosted/pub.dev/file_selector_macos-0.9.4+3/
[   +1 ms] Found plugin file_selector_windows at /home/ubuntu/.pub-cache/hosted/pub.dev/file_selector_windows-0.9.3+4/
[   +1 ms] Found plugin firebase_auth at /home/ubuntu/.pub-cache/hosted/pub.dev/firebase_auth-4.16.0/
[   +1 ms] Found plugin firebase_auth_web at /home/ubuntu/.pub-cache/hosted/pub.dev/firebase_auth_web-5.8.13/
[        ] Found plugin firebase_core at /home/ubuntu/.pub-cache/hosted/pub.dev/firebase_core-2.32.0/
[   +1 ms] Found plugin firebase_core_web at /home/ubuntu/.pub-cache/hosted/pub.dev/firebase_core_web-2.24.0/
[   +2 ms] Found plugin firebase_messaging at /home/ubuntu/.pub-cache/hosted/pub.dev/firebase_messaging-14.7.10/
[   +1 ms] Found plugin firebase_messaging_web at /home/ubuntu/.pub-cache/hosted/pub.dev/firebase_messaging_web-3.5.18/
[   +1 ms] Found plugin firebase_storage at /home/ubuntu/.pub-cache/hosted/pub.dev/firebase_storage-11.6.5/
[   +1 ms] Found plugin firebase_storage_web at /home/ubuntu/.pub-cache/hosted/pub.dev/firebase_storage_web-3.6.22/
[   +4 ms] Found plugin flutter_local_notifications at /home/ubuntu/.pub-cache/hosted/pub.dev/flutter_local_notifications-15.1.3/
[   +1 ms] Found plugin flutter_local_notifications_linux at /home/ubuntu/.pub-cache/hosted/pub.dev/flutter_local_notifications_linux-4.0.1/
[   +1 ms] Found plugin flutter_plugin_android_lifecycle at /home/ubuntu/.pub-cache/hosted/pub.dev/flutter_plugin_android_lifecycle-2.0.28/
[   +1 ms] Found plugin flutter_secure_storage at /home/ubuntu/.pub-cache/hosted/pub.dev/flutter_secure_storage-9.2.4/
[        ] Found plugin flutter_secure_storage_linux at /home/ubuntu/.pub-cache/hosted/pub.dev/flutter_secure_storage_linux-1.2.3/
[        ] Found plugin flutter_secure_storage_macos at /home/ubuntu/.pub-cache/hosted/pub.dev/flutter_secure_storage_macos-3.1.3/
[   +1 ms] Found plugin flutter_secure_storage_web at /home/ubuntu/.pub-cache/hosted/pub.dev/flutter_secure_storage_web-1.2.1/
[   +1 ms] Found plugin flutter_secure_storage_windows at /home/ubuntu/.pub-cache/hosted/pub.dev/flutter_secure_storage_windows-3.1.2/
[   +2 ms] Found plugin geocoding at /home/ubuntu/.pub-cache/hosted/pub.dev/geocoding-2.2.2/
[   +1 ms] Found plugin geocoding_android at /home/ubuntu/.pub-cache/hosted/pub.dev/geocoding_android-3.3.1/
[        ] Found plugin geocoding_ios at /home/ubuntu/.pub-cache/hosted/pub.dev/geocoding_ios-2.3.0/
[   +1 ms] Found plugin geolocator at /home/ubuntu/.pub-cache/hosted/pub.dev/geolocator-9.0.2/
[        ] Found plugin geolocator_android at /home/ubuntu/.pub-cache/hosted/pub.dev/geolocator_android-4.6.2/
[        ] Found plugin geolocator_apple at /home/ubuntu/.pub-cache/hosted/pub.dev/geolocator_apple-2.3.13/
[   +1 ms] Found plugin geolocator_web at /home/ubuntu/.pub-cache/hosted/pub.dev/geolocator_web-2.2.1/
[        ] Found plugin geolocator_windows at /home/ubuntu/.pub-cache/hosted/pub.dev/geolocator_windows-0.1.3/
[   +1 ms] Found plugin google_maps_flutter at /home/ubuntu/.pub-cache/hosted/pub.dev/google_maps_flutter-2.12.3/
[        ] Found plugin google_maps_flutter_android at /home/ubuntu/.pub-cache/hosted/pub.dev/google_maps_flutter_android-2.16.2/
[        ] Found plugin google_maps_flutter_ios at /home/ubuntu/.pub-cache/hosted/pub.dev/google_maps_flutter_ios-2.15.4/
[   +1 ms] Found plugin google_maps_flutter_web at /home/ubuntu/.pub-cache/hosted/pub.dev/google_maps_flutter_web-0.5.12+2/
[   +5 ms] Found plugin image_picker at /home/ubuntu/.pub-cache/hosted/pub.dev/image_picker-1.1.2/
[        ] Found plugin image_picker_android at /home/ubuntu/.pub-cache/hosted/pub.dev/image_picker_android-0.8.12+23/
[        ] Found plugin image_picker_for_web at /home/ubuntu/.pub-cache/hosted/pub.dev/image_picker_for_web-3.0.6/
[        ] Found plugin image_picker_ios at /home/ubuntu/.pub-cache/hosted/pub.dev/image_picker_ios-0.8.12+2/
[        ] Found plugin image_picker_linux at /home/ubuntu/.pub-cache/hosted/pub.dev/image_picker_linux-0.2.1+2/
[        ] Found plugin image_picker_macos at /home/ubuntu/.pub-cache/hosted/pub.dev/image_picker_macos-0.2.1+2/
[   +1 ms] Found plugin image_picker_windows at /home/ubuntu/.pub-cache/hosted/pub.dev/image_picker_windows-0.2.1+1/
[   +4 ms] Found plugin location at /home/ubuntu/.pub-cache/hosted/pub.dev/location-5.0.3/
[   +1 ms] Found plugin location_web at /home/ubuntu/.pub-cache/hosted/pub.dev/location_web-4.2.0/
[   +8 ms] Found plugin path_provider at /home/ubuntu/.pub-cache/hosted/pub.dev/path_provider-2.1.5/
[        ] Found plugin path_provider_android at /home/ubuntu/.pub-cache/hosted/pub.dev/path_provider_android-2.2.17/
[        ] Found plugin path_provider_foundation at /home/ubuntu/.pub-cache/hosted/pub.dev/path_provider_foundation-2.4.1/
[        ] Found plugin path_provider_linux at /home/ubuntu/.pub-cache/hosted/pub.dev/path_provider_linux-2.2.1/
[   +1 ms] Found plugin path_provider_windows at /home/ubuntu/.pub-cache/hosted/pub.dev/path_provider_windows-2.3.0/
[   +1 ms] Found plugin permission_handler at /home/ubuntu/.pub-cache/hosted/pub.dev/permission_handler-11.4.0/
[        ] Found plugin permission_handler_android at /home/ubuntu/.pub-cache/hosted/pub.dev/permission_handler_android-12.1.0/
[   +1 ms] Found plugin permission_handler_apple at /home/ubuntu/.pub-cache/hosted/pub.dev/permission_handler_apple-9.4.7/
[        ] Found plugin permission_handler_html at /home/ubuntu/.pub-cache/hosted/pub.dev/permission_handler_html-0.1.3+5/
[   +1 ms] Found plugin permission_handler_windows at /home/ubuntu/.pub-cache/hosted/pub.dev/permission_handler_windows-0.2.1/
[   +3 ms] Found plugin printing at /home/ubuntu/.pub-cache/hosted/pub.dev/printing-5.14.2/
[   +4 ms] Found plugin share_plus at /home/ubuntu/.pub-cache/hosted/pub.dev/share_plus-7.2.2/
[   +1 ms] Found plugin shared_preferences at /home/ubuntu/.pub-cache/hosted/pub.dev/shared_preferences-2.5.3/
[        ] Found plugin shared_preferences_android at /home/ubuntu/.pub-cache/hosted/pub.dev/shared_preferences_android-2.4.10/
[        ] Found plugin shared_preferences_foundation at /home/ubuntu/.pub-cache/hosted/pub.dev/shared_preferences_foundation-2.5.4/
[        ] Found plugin shared_preferences_linux at /home/ubuntu/.pub-cache/hosted/pub.dev/shared_preferences_linux-2.4.1/
[   +1 ms] Found plugin shared_preferences_web at /home/ubuntu/.pub-cache/hosted/pub.dev/shared_preferences_web-2.4.3/
[        ] Found plugin shared_preferences_windows at /home/ubuntu/.pub-cache/hosted/pub.dev/shared_preferences_windows-2.4.1/
[   +4 ms] Found plugin sqflite at /home/ubuntu/.pub-cache/hosted/pub.dev/sqflite-2.4.2/
[        ] Found plugin sqflite_android at /home/ubuntu/.pub-cache/hosted/pub.dev/sqflite_android-2.4.1/
[   +1 ms] Found plugin sqflite_darwin at /home/ubuntu/.pub-cache/hosted/pub.dev/sqflite_darwin-2.4.2/
[   +7 ms] Found plugin url_launcher_linux at /home/ubuntu/.pub-cache/hosted/pub.dev/url_launcher_linux-3.2.1/
[   +1 ms] Found plugin url_launcher_web at /home/ubuntu/.pub-cache/hosted/pub.dev/url_launcher_web-2.4.1/
[        ] Found plugin url_launcher_windows at /home/ubuntu/.pub-cache/hosted/pub.dev/url_launcher_windows-3.1.4/
[  +14 ms] Found plugin integration_test at /home/ubuntu/snap/flutter/common/flutter/packages/integration_test/
[   +7 ms] Generating /home/ubuntu/fire-safe/android/app/src/main/java/io/flutter/plugins/GeneratedPluginRegistrant.java
[  +75 ms] Initializing file store
[   +8 ms] Skipping target: gen_localizations
[   +3 ms] gen_dart_plugin_registrant: Starting due to {InvalidatedReasonKind.inputChanged: The following inputs have updated contents: /home/ubuntu/fire-safe/.dart_tool/package_config_subset,/home/ubuntu/fire-safe/.dart_tool/flutter_build/dart_plugin_registrant.dart}
[  +12 ms] executing: [/home/ubuntu/fire-safe/] /home/ubuntu/snap/flutter/common/flutter/bin/cache/dart-sdk/bin/dart pub --suppress-analytics deps --json
[ +536 ms] {
             "root": "fire_safety_inspector",
             "packages": [
               {
                 "name": "fire_safety_inspector",
                 "version": "0.1.0+1",
                 "kind": "root",
                 "source": "root",
                 "dependencies": [
                   "flutter",
                   "cupertino_icons",
                   "provider",
                   "flutter_bloc",
                   "google_maps_flutter",
                   "location",
                   "geocoding",
                   "geolocator",
                   "sqflite",
                   "hive",
                   "hive_flutter",
                   "dio",
                   "connectivity_plus",
                   "flutter_svg",
                   "cached_network_image",
                   "camera",
                   "image_picker",
                   "photo_view",
                   "pdf",
                   "printing",
                   "path_provider",
                   "permission_handler",
                   "flutter_local_notifications",
                   "table_calendar",
                   "math_expressions",
                   "intl",
                   "shared_preferences",
                   "flutter_secure_storage",
                   "firebase_core",
                   "firebase_auth",
                   "cloud_firestore",
                   "firebase_storage",
                   "firebase_messaging",
                   "share_plus",
                   "flutter_test",
                   "mockito",
                   "integration_test",
                   "flutter_lints",
                   "hive_generator",
                   "build_runner"
                 ],
                 "directDependencies": [
                   "flutter",
                   "cupertino_icons",
                   "provider",
                   "flutter_bloc",
                   "google_maps_flutter",
                   "location",
                   "geocoding",
                   "geolocator",
                   "sqflite",
                   "hive",
                   "hive_flutter",
                   "dio",
                   "connectivity_plus",
                   "flutter_svg",
                   "cached_network_image",
                   "camera",
                   "image_picker",
                   "photo_view",
                   "pdf",
                   "printing",
                   "path_provider",
                   "permission_handler",
                   "flutter_local_notifications",
                   "table_calendar",
                   "math_expressions",
                   "intl",
                   "shared_preferences",
                   "flutter_secure_storage",
                   "firebase_core",
                   "firebase_auth",
                   "cloud_firestore",
                   "firebase_storage",
                   "firebase_messaging",
                   "share_plus"
                 ],
                 "devDependencies": [
                   "flutter_test",
                   "mockito",
                   "integration_test",
                   "flutter_lints",
                   "hive_generator",
                   "build_runner"
                 ]
               },
               {
                 "name": "build_runner",
                 "version": "2.5.4",
                 "kind": "dev",
                 "source": "hosted",
                 "dependencies": [
                   "analyzer",
                   "args",
                   "async",
                   "build",
                   "build_config",
                   "build_daemon",
                   "build_resolvers",
                   "build_runner_core",
                   "code_builder",
                   "collection",
                   "crypto",
                   "dart_style",
                   "frontend_server_client",
                   "glob",
                   "graphs",
                   "http",
                   "http_multi_server",
                   "io",
                   "js",
                   "logging",
                   "meta",
                   "mime",
                   "package_config",
                   "path",
                   "pool",
                   "pub_semver",
                   "pubspec_parse",
                   "shelf",
                   "shelf_web_socket",
                   "stack_trace",
                   "stream_transform",
                   "timing",
                   "watcher",
                   "web",
                   "web_socket_channel",
                   "yaml"
                 ],
                 "directDependencies": [
                   "analyzer",
                   "args",
                   "async",
                   "build",
                   "build_config",
                   "build_daemon",
                   "build_resolvers",
                   "build_runner_core",
                   "code_builder",
                   "collection",
                   "crypto",
                   "dart_style",
                   "frontend_server_client",
                   "glob",
                   "graphs",
                   "http",
                   "http_multi_server",
                   "io",
                   "js",
                   "logging",
                   "meta",
                   "mime",
                   "package_config",
                   "path",
                   "pool",
                   "pub_semver",
                   "pubspec_parse",
                   "shelf",
                   "shelf_web_socket",
                   "stack_trace",
                   "stream_transform",
                   "timing",
                   "watcher",
                   "web",
                   "web_socket_channel",
                   "yaml"
                 ]
               },
               {
                 "name": "yaml",
                 "version": "3.1.3",
                 "kind": "transitive",
                 "source": "hosted",
                 "dependencies": [
                   "collection",
                   "source_span",
                   "string_scanner"
                 ],
                 "directDependencies": [
                   "collection",
                   "source_span",
                   "string_scanner"
                 ]
               },
               {
                 "name": "string_scanner",
                 "version": "1.4.1",
                 "kind": "transitive",
                 "source": "hosted",
                 "dependencies": [
                   "source_span"
                 ],
                 "directDependencies": [
                   "source_span"
                 ]
               },
               {
                 "name": "source_span",
                 "version": "1.10.1",
                 "kind": "transitive",
                 "source": "hosted",
                 "dependencies": [
                   "collection",
                   "path",
                   "term_glyph"
                 ],
                 "directDependencies": [
                   "collection",
                   "path",
                   "term_glyph"
                 ]
               },
               {
                 "name": "term_glyph",
                 "version": "1.2.2",
                 "kind": "transitive",
                 "source": "hosted",
                 "dependencies": [],
                 "directDependencies": []
               },
               {
                 "name": "path",
                 "version": "1.9.1",
                 "kind": "transitive",
                 "source": "hosted",
                 "dependencies": [],
                 "directDependencies": []
               },
               {
                 "name": "collection",
                 "version": "1.19.1",
                 "kind": "transitive",
                 "source": "hosted",
                 "dependencies": [],
                 "directDependencies": []
               },
               {
                 "name": "web_socket_channel",
                 "version": "3.0.3",
                 "kind": "transitive",
                 "source": "hosted",
                 "dependencies": [
                   "async",
                   "crypto",
                   "stream_channel",
                   "web",
                   "web_socket"
                 ],
                 "directDependencies": [
                   "async",
                   "crypto",
                   "stream_channel",
                   "web",
                   "web_socket"
                 ]
               },
               {
                 "name": "web_socket",
                 "version": "1.0.1",
                 "kind": "transitive",
                 "source": "hosted",
                 "dependencies": [
                   "web"
                 ],
                 "directDependencies": [
                   "web"
                 ]
               },
               {
                 "name": "web",
                 "version": "1.1.1",
                 "kind": "transitive",
                 "source": "hosted",
                 "dependencies": [],
                 "directDependencies": []
               },
               {
                 "name": "stream_channel",
                 "version": "2.1.4",
                 "kind": "transitive",
                 "source": "hosted",
                 "dependencies": [
                   "async"
                 ],
                 "directDependencies": [
                   "async"
                 ]
               },
               {
                 "name": "async",
                 "version": "2.13.0",
                 "kind": "transitive",
                 "source": "hosted",
                 "dependencies": [
                   "collection",
                   "meta"
                 ],
                 "directDependencies": [
                   "collection",
                   "meta"
                 ]
               },
               {
                 "name": "meta",
                 "version": "1.16.0",
                 "kind": "transitive",
                 "source": "hosted",
                 "dependencies": [],
                 "directDependencies": []
               },
               {
                 "name": "crypto",
                 "version": "3.0.6",
                 "kind": "transitive",
                 "source": "hosted",
                 "dependencies": [
                   "typed_data"
                 ],
                 "directDependencies": [
                   "typed_data"
                 ]
               },
               {
                 "name": "typed_data",
                 "version": "1.4.0",
                 "kind": "transitive",
                 "source": "hosted",
                 "dependencies": [
                   "collection"
                 ],
                 "directDependencies": [
                   "collection"
                 ]
               },
               {
                 "name": "watcher",
                 "version": "1.1.2",
                 "kind": "transitive",
                 "source": "hosted",
                 "dependencies": [
                   "async",
                   "path"
                 ],
                 "directDependencies": [
                   "async",
                   "path"
                 ]
               },
               {
                 "name": "timing",
                 "version": "1.0.2",
                 "kind": "transitive",
                 "source": "hosted",
                 "dependencies": [
                   "json_annotation"
                 ],
                 "directDependencies": [
                   "json_annotation"
                 ]
               },
               {
                 "name": "json_annotation",
                 "version": "4.9.0",
                 "kind": "transitive",
                 "source": "hosted",
                 "dependencies": [
                   "meta"
                 ],
                 "directDependencies": [
                   "meta"
                 ]
               },
               {
                 "name": "stream_transform",
                 "version": "2.1.1",
                 "kind": "transitive",
                 "source": "hosted",
                 "dependencies": [],
                 "directDependencies": []
               },
               {
                 "name": "stack_trace",
                 "version": "1.12.1",
                 "kind": "transitive",
                 "source": "hosted",
                 "dependencies": [
                   "path"
                 ],
                 "directDependencies": [
                   "path"
                 ]
               },
               {
                 "name": "shelf_web_socket",
                 "version": "3.0.0",
                 "kind": "transitive",
                 "source": "hosted",
                 "dependencies": [
                   "shelf",
                   "stream_channel",
                   "web_socket_channel"
                 ],
                 "directDependencies": [
                   "shelf",
                   "stream_channel",
                   "web_socket_channel"
                 ]
               },
               {
                 "name": "shelf",
                 "version": "1.4.2",
                 "kind": "transitive",
                 "source": "hosted",
                 "dependencies": [
                   "async",
                   "collection",
                   "http_parser",
                   "path",
                   "stack_trace",
                   "stream_channel"
                 ],
                 "directDependencies": [
                   "async",
                   "collection",
                   "http_parser",
                   "path",
                   "stack_trace",
                   "stream_channel"
                 ]
               },
               {
                 "name": "http_parser",
                 "version": "4.1.2",
                 "kind": "transitive",
                 "source": "hosted",
                 "dependencies": [
                   "collection",
                   "source_span",
                   "string_scanner",
                   "typed_data"
                 ],
                 "directDependencies": [
                   "collection",
                   "source_span",
                   "string_scanner",
                   "typed_data"
                 ]
               },
               {
                 "name": "pubspec_parse",
                 "version": "1.5.0",
                 "kind": "transitive",
                 "source": "hosted",
                 "dependencies": [
                   "checked_yaml",
                   "collection",
                   "json_annotation",
                   "pub_semver",
                   "yaml"
                 ],
                 "directDependencies": [
                   "checked_yaml",
                   "collection",
                   "json_annotation",
                   "pub_semver",
                   "yaml"
                 ]
               },
               {
                 "name": "pub_semver",
                 "version": "2.2.0",
                 "kind": "transitive",
                 "source": "hosted",
                 "dependencies": [
                   "collection"
                 ],
                 "directDependencies": [
                   "collection"
                 ]
               },
               {
                 "name": "checked_yaml",
                 "version": "2.0.4",
                 "kind": "transitive",
                 "source": "hosted",
                 "dependencies": [
                   "json_annotation",
                   "source_span",
                   "yaml"
                 ],
                 "directDependencies": [
                   "json_annotation",
                   "source_span",
                   "yaml"
                 ]
               },
               {
                 "name": "pool",
                 "version": "1.5.1",
                 "kind": "transitive",
                 "source": "hosted",
                 "dependencies": [
                   "async",
                   "stack_trace"
                 ],
                 "directDependencies": [
                   "async",
                   "stack_trace"
                 ]
               },
               {
                 "name": "package_config",
                 "version": "2.2.0",
                 "kind": "transitive",
                 "source": "hosted",
                 "dependencies": [
                   "path"
                 ],
                 "directDependencies": [
                   "path"
                 ]
               },
               {
                 "name": "mime",
                 "version": "1.0.6",
                 "kind": "transitive",
                 "source": "hosted",
                 "dependencies": [],
                 "directDependencies": []
               },
               {
                 "name": "logging",
                 "version": "1.3.0",
                 "kind": "transitive",
                 "source": "hosted",
                 "dependencies": [],
                 "directDependencies": []
               },
               {
                 "name": "js",
                 "version": "0.6.7",
                 "kind": "transitive",
                 "source": "hosted",
                 "dependencies": [
                   "meta"
                 ],
                 "directDependencies": [
                   "meta"
                 ]
               },
               {
                 "name": "io",
                 "version": "1.0.5",
                 "kind": "transitive",
                 "source": "hosted",
                 "dependencies": [
                   "meta",
                   "path",
                   "string_scanner"
                 ],
                 "directDependencies": [
                   "meta",
                   "path",
                   "string_scanner"
                 ]
               },
               {
                 "name": "http_multi_server",
                 "version": "3.2.2",
                 "kind": "transitive",
                 "source": "hosted",
                 "dependencies": [
                   "async"
                 ],
                 "directDependencies": [
                   "async"
                 ]
               },
               {
                 "name": "http",
                 "version": "1.4.0",
                 "kind": "transitive",
                 "source": "hosted",
                 "dependencies": [
                   "async",
                   "http_parser",
                   "meta",
                   "web"
                 ],
                 "directDependencies": [
                   "async",
                   "http_parser",
                   "meta",
                   "web"
                 ]
               },
               {
                 "name": "graphs",
                 "version": "2.3.2",
                 "kind": "transitive",
                 "source": "hosted",
                 "dependencies": [
                   "collection"
                 ],
                 "directDependencies": [
                   "collection"
                 ]
               },
               {
                 "name": "glob",
                 "version": "2.1.3",
                 "kind": "transitive",
                 "source": "hosted",
                 "dependencies": [
                   "async",
                   "collection",
                   "file",
                   "path",
                   "string_scanner"
                 ],
                 "directDependencies": [
                   "async",
                   "collection",
                   "file",
                   "path",
                   "string_scanner"
                 ]
               },
               {
                 "name": "file",
                 "version": "7.0.1",
                 "kind": "transitive",
                 "source": "hosted",
                 "dependencies": [
                   "meta",
                   "path"
                 ],
                 "directDependencies": [
                   "meta",
                   "path"
                 ]
               },
               {
                 "name": "frontend_server_client",
                 "version": "4.0.0",
                 "kind": "transitive",
                 "source": "hosted",
                 "dependencies": [
                   "async",
                   "path"
                 ],
                 "directDependencies": [
                   "async",
                   "path"
                 ]
               },
               {
                 "name": "dart_style",
                 "version": "2.3.8",
                 "kind": "transitive",
                 "source": "hosted",
                 "dependencies": [
                   "analyzer",
                   "args",
                   "collection",
                   "package_config",
                   "path",
                   "pub_semver",
                   "source_span"
                 ],
                 "directDependencies": [
                   "analyzer",
                   "args",
                   "collection",
                   "package_config",
                   "path",
                   "pub_semver",
                   "source_span"
                 ]
               },
               {
                 "name": "args",
                 "version": "2.7.0",
                 "kind": "transitive",
                 "source": "hosted",
                 "dependencies": [],
                 "directDependencies": []
               },
               {
                 "name": "analyzer",
                 "version": "6.11.0",
                 "kind": "transitive",
                 "source": "hosted",
                 "dependencies": [
                   "_fe_analyzer_shared",
                   "collection",
                   "convert",
                   "crypto",
                   "glob",
                   "macros",
                   "meta",
                   "package_config",
                   "path",
                   "pub_semver",
                   "source_span",
                   "watcher",
                   "yaml"
                 ],
                 "directDependencies": [
                   "_fe_analyzer_shared",
                   "collection",
                   "convert",
                   "crypto",
                   "glob",
                   "macros",
                   "meta",
                   "package_config",
                   "path",
                   "pub_semver",
                   "source_span",
                   "watcher",
                   "yaml"
                 ]
               },
               {
                 "name": "macros",
                 "version": "0.1.3-main.0",
                 "kind": "transitive",
                 "source": "hosted",
                 "dependencies": [
                   "_macros"
                 ],
                 "directDependencies": [
                   "_macros"
                 ]
               },
               {
                 "name": "_macros",
                 "version": "0.3.3",
                 "kind": "transitive",
                 "source": "sdk",
                 "dependencies": [],
                 "directDependencies": []
               },
               {
                 "name": "convert",
                 "version": "3.1.2",
                 "kind": "transitive",
                 "source": "hosted",
                 "dependencies": [
                   "typed_data"
                 ],
                 "directDependencies": [
                   "typed_data"
                 ]
               },
               {
                 "name": "_fe_analyzer_shared",
                 "version": "76.0.0",
                 "kind": "transitive",
                 "source": "hosted",
                 "dependencies": [
                   "meta"
                 ],
                 "directDependencies": [
                   "meta"
                 ]
               },
               {
                 "name": "code_builder",
                 "version": "4.10.1",
                 "kind": "transitive",
                 "source": "hosted",
                 "dependencies": [
                   "built_collection",
                   "built_value",
                   "collection",
                   "matcher",
                   "meta"
                 ],
                 "directDependencies": [
                   "built_collection",
                   "built_value",
                   "collection",
                   "matcher",
                   "meta"
                 ]
               },
               {
                 "name": "matcher",
                 "version": "0.12.17",
                 "kind": "transitive",
                 "source": "hosted",
                 "dependencies": [
                   "async",
                   "meta",
                   "stack_trace",
                   "term_glyph",
                   "test_api"
                 ],
                 "directDependencies": [
                   "async",
                   "meta",
                   "stack_trace",
                   "term_glyph",
                   "test_api"
                 ]
               },
               {
                 "name": "test_api",
                 "version": "0.7.4",
                 "kind": "transitive",
                 "source": "hosted",
                 "dependencies": [
                   "async",
                   "boolean_selector",
                   "collection",
                   "meta",
                   "source_span",
                   "stack_trace",
                   "stream_channel",
                   "string_scanner",
                   "term_glyph"
                 ],
                 "directDependencies": [
                   "async",
                   "boolean_selector",
                   "collection",
                   "meta",
                   "source_span",
                   "stack_trace",
                   "stream_channel",
                   "string_scanner",
                   "term_glyph"
                 ]
               },
               {
                 "name": "boolean_selector",
                 "version": "2.1.2",
                 "kind": "transitive",
                 "source": "hosted",
                 "dependencies": [
                   "source_span",
                   "string_scanner"
                 ],
                 "directDependencies": [
                   "source_span",
                   "string_scanner"
                 ]
               },
               {
                 "name": "built_value",
                 "version": "8.10.1",
                 "kind": "transitive",
                 "source": "hosted",
                 "dependencies": [
                   "built_collection",
                   "collection",
                   "fixnum",
                   "meta"
                 ],
                 "directDependencies": [
                   "built_collection",
                   "collection",
                   "fixnum",
                   "meta"
                 ]
               },
               {
                 "name": "fixnum",
                 "version": "1.1.1",
                 "kind": "transitive",
                 "source": "hosted",
                 "dependencies": [],
                 "directDependencies": []
               },
               {
                 "name": "built_collection",
                 "version": "5.1.1",
                 "kind": "transitive",
                 "source": "hosted",
                 "dependencies": [],
                 "directDependencies": []
               },
               {
                 "name": "build_runner_core",
                 "version": "9.1.2",
                 "kind": "transitive",
                 "source": "hosted",
                 "dependencies": [
                   "analyzer",
                   "async",
                   "build",
                   "build_config",
                   "build_resolvers",
                   "build_runner",
                   "built_collection",
                   "built_value",
                   "collection",
                   "convert",
                   "crypto",
                   "glob",
                   "graphs",
                   "json_annotation",
                   "logging",
                   "meta",
                   "package_config",
                   "path",
                   "pool",
                   "timing",
                   "watcher",
                   "yaml"
                 ],
                 "directDependencies": [
                   "analyzer",
                   "async",
                   "build",
                   "build_config",
                   "build_resolvers",
                   "build_runner",
                   "built_collection",
                   "built_value",
                   "collection",
                   "convert",
                   "crypto",
                   "glob",
                   "graphs",
                   "json_annotation",
                   "logging",
                   "meta",
                   "package_config",
                   "path",
                   "pool",
                   "timing",
                   "watcher",
                   "yaml"
                 ]
               },
               {
                 "name": "build_resolvers",
                 "version": "2.5.4",
                 "kind": "transitive",
                 "source": "hosted",
                 "dependencies": [
                   "analyzer",
                   "async",
                   "build",
                   "build_runner_core",
                   "collection",
                   "convert",
                   "crypto",
                   "graphs",
                   "logging",
                   "package_config",
                   "path",
                   "pool",
                   "pub_semver",
                   "stream_transform"
                 ],
                 "directDependencies": [
                   "analyzer",
                   "async",
                   "build",
                   "build_runner_core",
                   "collection",
                   "convert",
                   "crypto",
                   "graphs",
                   "logging",
                   "package_config",
                   "path",
                   "pool",
                   "pub_semver",
                   "stream_transform"
                 ]
               },
               {
                 "name": "build",
                 "version": "2.5.4",
                 "kind": "transitive",
                 "source": "hosted",
                 "dependencies": [
                   "analyzer",
                   "async",
                   "build_runner_core",
                   "built_collection",
                   "built_value",
                   "convert",
                   "crypto",
                   "glob",
                   "graphs",
                   "logging",
                   "meta",
                   "package_config",
                   "path",
                   "pool"
                 ],
                 "directDependencies": [
                   "analyzer",
                   "async",
                   "build_runner_core",
                   "built_collection",
                   "built_value",
                   "convert",
                   "crypto",
                   "glob",
                   "graphs",
                   "logging",
                   "meta",
                   "package_config",
                   "path",
                   "pool"
                 ]
               },
               {
                 "name": "build_config",
                 "version": "1.1.2",
                 "kind": "transitive",
                 "source": "hosted",
                 "dependencies": [
                   "checked_yaml",
                   "json_annotation",
                   "path",
                   "pubspec_parse",
                   "yaml"
                 ],
                 "directDependencies": [
                   "checked_yaml",
                   "json_annotation",
                   "path",
                   "pubspec_parse",
                   "yaml"
                 ]
               },
               {
                 "name": "build_daemon",
                 "version": "4.0.4",
                 "kind": "transitive",
                 "source": "hosted",
                 "dependencies": [
                   "built_collection",
                   "built_value",
                   "crypto",
                   "http_multi_server",
                   "logging",
                   "path",
                   "pool",
                   "shelf",
                   "shelf_web_socket",
                   "stream_transform",
                   "watcher",
                   "web_socket_channel"
                 ],
                 "directDependencies": [
                   "built_collection",
                   "built_value",
                   "crypto",
                   "http_multi_server",
                   "logging",
                   "path",
                   "pool",
                   "shelf",
                   "shelf_web_socket",
                   "stream_transform",
                   "watcher",
                   "web_socket_channel"
                 ]
               },
               {
                 "name": "hive_generator",
                 "version": "2.0.1",
                 "kind": "dev",
                 "source": "hosted",
                 "dependencies": [
                   "build",
                   "source_gen",
                   "hive",
                   "analyzer",
                   "source_helper"
                 ],
                 "directDependencies": [
                   "build",
                   "source_gen",
                   "hive",
                   "analyzer",
                   "source_helper"
                 ]
               },
               {
                 "name": "source_helper",
                 "version": "1.3.5",
                 "kind": "transitive",
                 "source": "hosted",
                 "dependencies": [
                   "analyzer",
                   "collection",
                   "source_gen"
                 ],
                 "directDependencies": [
                   "analyzer",
                   "collection",
                   "source_gen"
                 ]
               },
               {
                 "name": "source_gen",
                 "version": "1.5.0",
                 "kind": "transitive",
                 "source": "hosted",
                 "dependencies": [
                   "analyzer",
                   "async",
                   "build",
                   "dart_style",
                   "glob",
                   "path",
                   "source_span",
                   "yaml"
                 ],
                 "directDependencies": [
                   "analyzer",
                   "async",
                   "build",
                   "dart_style",
                   "glob",
                   "path",
                   "source_span",
                   "yaml"
                 ]
               },
               {
                 "name": "hive",
                 "version": "2.2.3",
                 "kind": "direct",
                 "source": "hosted",
                 "dependencies": [
                   "meta",
                   "crypto"
                 ],
                 "directDependencies": [
                   "meta",
                   "crypto"
                 ]
               },
               {
                 "name": "flutter_lints",
                 "version": "2.0.3",
                 "kind": "dev",
                 "source": "hosted",
                 "dependencies": [
                   "lints"
                 ],
                 "directDependencies": [
                   "lints"
                 ]
               },
               {
                 "name": "lints",
                 "version": "2.1.1",
                 "kind": "transitive",
                 "source": "hosted",
                 "dependencies": [],
                 "directDependencies": []
               },
               {
                 "name": "integration_test",
                 "version": "0.0.0",
                 "kind": "dev",
                 "source": "sdk",
                 "dependencies": [
                   "flutter",
                   "flutter_driver",
                   "flutter_test",
                   "path",
                   "vm_service",
                   "async",
                   "boolean_selector",
                   "characters",
                   "clock",
                   "collection",
                   "fake_async",
                   "file",
                   "leak_tracker",
                   "leak_tracker_flutter_testing",
                   "leak_tracker_testing",
                   "matcher",
                   "material_color_utilities",
                   "meta",
                   "source_span",
                   "stack_trace",
                   "stream_channel",
                   "string_scanner",
                   "sync_http",
                   "term_glyph",
                   "test_api",
                   "vector_math",
                   "webdriver"
                 ],
                 "directDependencies": [
                   "flutter",
                   "flutter_driver",
                   "flutter_test",
                   "path",
                   "vm_service",
                   "async",
                   "boolean_selector",
                   "characters",
                   "clock",
                   "collection",
                   "fake_async",
                   "file",
                   "leak_tracker",
                   "leak_tracker_flutter_testing",
                   "leak_tracker_testing",
                   "matcher",
                   "material_color_utilities",
                   "meta",
                   "source_span",
                   "stack_trace",
                   "stream_channel",
                   "string_scanner",
                   "sync_http",
                   "term_glyph",
                   "test_api",
                   "vector_math",
                   "webdriver"
                 ]
               },
               {
                 "name": "webdriver",
                 "version": "3.1.0",
                 "kind": "transitive",
                 "source": "hosted",
                 "dependencies": [
                   "matcher",
                   "path",
                   "stack_trace",
                   "sync_http"
                 ],
                 "directDependencies": [
                   "matcher",
                   "path",
                   "stack_trace",
                   "sync_http"
                 ]
               },
               {
                 "name": "sync_http",
                 "version": "0.3.1",
                 "kind": "transitive",
                 "source": "hosted",
                 "dependencies": [],
                 "directDependencies": []
               },
               {
                 "name": "vector_math",
                 "version": "2.1.4",
                 "kind": "transitive",
                 "source": "hosted",
                 "dependencies": [],
                 "directDependencies": []
               },
               {
                 "name": "material_color_utilities",
                 "version": "0.11.1",
                 "kind": "transitive",
                 "source": "hosted",
                 "dependencies": [
                   "collection"
                 ],
                 "directDependencies": [
                   "collection"
                 ]
               },
               {
                 "name": "leak_tracker_testing",
                 "version": "3.0.1",
                 "kind": "transitive",
                 "source": "hosted",
                 "dependencies": [
                   "leak_tracker",
                   "matcher",
                   "meta"
                 ],
                 "directDependencies": [
                   "leak_tracker",
                   "matcher",
                   "meta"
                 ]
               },
               {
                 "name": "leak_tracker",
                 "version": "10.0.9",
                 "kind": "transitive",
                 "source": "hosted",
                 "dependencies": [
                   "clock",
                   "collection",
                   "meta",
                   "path",
                   "vm_service"
                 ],
                 "directDependencies": [
                   "clock",
                   "collection",
                   "meta",
                   "path",
                   "vm_service"
                 ]
               },
               {
                 "name": "vm_service",
                 "version": "15.0.0",
                 "kind": "transitive",
                 "source": "hosted",
                 "dependencies": [],
                 "directDependencies": []
               },
               {
                 "name": "clock",
                 "version": "1.1.2",
                 "kind": "transitive",
                 "source": "hosted",
                 "dependencies": [],
                 "directDependencies": []
               },
               {
                 "name": "leak_tracker_flutter_testing",
                 "version": "3.0.9",
                 "kind": "transitive",
                 "source": "hosted",
                 "dependencies": [
                   "flutter",
                   "leak_tracker",
                   "leak_tracker_testing",
                   "matcher",
                   "meta"
                 ],
                 "directDependencies": [
                   "flutter",
                   "leak_tracker",
                   "leak_tracker_testing",
                   "matcher",
                   "meta"
                 ]
               },
               {
                 "name": "flutter",
                 "version": "0.0.0",
                 "kind": "direct",
                 "source": "sdk",
                 "dependencies": [
                   "characters",
                   "collection",
                   "material_color_utilities",
                   "meta",
                   "vector_math",
                   "sky_engine"
                 ],
                 "directDependencies": [
                   "characters",
                   "collection",
                   "material_color_utilities",
                   "meta",
                   "vector_math",
                   "sky_engine"
                 ]
               },
               {
                 "name": "sky_engine",
                 "version": "0.0.0",
                 "kind": "transitive",
                 "source": "sdk",
                 "dependencies": [],
                 "directDependencies": []
               },
               {
                 "name": "characters",
                 "version": "1.4.0",
                 "kind": "transitive",
                 "source": "hosted",
                 "dependencies": [],
                 "directDependencies": []
               },
               {
                 "name": "fake_async",
                 "version": "1.3.3",
                 "kind": "transitive",
                 "source": "hosted",
                 "dependencies": [
                   "clock",
                   "collection"
                 ],
                 "directDependencies": [
                   "clock",
                   "collection"
                 ]
               },
               {
                 "name": "flutter_test",
                 "version": "0.0.0",
                 "kind": "dev",
                 "source": "sdk",
                 "dependencies": [
                   "flutter",
                   "test_api",
                   "matcher",
                   "path",
                   "fake_async",
                   "clock",
                   "stack_trace",
                   "vector_math",
                   "leak_tracker_flutter_testing",
                   "async",
                   "boolean_selector",
                   "characters",
                   "collection",
                   "leak_tracker",
                   "leak_tracker_testing",
                   "material_color_utilities",
                   "meta",
                   "source_span",
                   "stream_channel",
                   "string_scanner",
                   "term_glyph",
                   "vm_service"
                 ],
                 "directDependencies": [
                   "flutter",
                   "test_api",
                   "matcher",
                   "path",
                   "fake_async",
                   "clock",
                   "stack_trace",
                   "vector_math",
                   "leak_tracker_flutter_testing",
                   "async",
                   "boolean_selector",
                   "characters",
                   "collection",
                   "leak_tracker",
                   "leak_tracker_testing",
                   "material_color_utilities",
                   "meta",
                   "source_span",
                   "stream_channel",
                   "string_scanner",
                   "term_glyph",
                   "vm_service"
                 ]
               },
               {
                 "name": "flutter_driver",
                 "version": "0.0.0",
                 "kind": "transitive",
                 "source": "sdk",
                 "dependencies": [
                   "file",
                   "flutter",
                   "flutter_test",
                   "fuchsia_remote_debug_protocol",
                   "path",
                   "meta",
                   "vm_service",
                   "webdriver",
                   "async",
                   "boolean_selector",
                   "characters",
                   "clock",
                   "collection",
                   "leak_tracker",
                   "leak_tracker_flutter_testing",
                   "leak_tracker_testing",
                   "matcher",
                   "material_color_utilities",
                   "platform",
                   "process",
                   "source_span",
                   "stack_trace",
                   "stream_channel",
                   "string_scanner",
                   "sync_http",
                   "term_glyph",
                   "test_api",
                   "vector_math"
                 ],
                 "directDependencies": [
                   "file",
                   "flutter",
                   "flutter_test",
                   "fuchsia_remote_debug_protocol",
                   "path",
                   "meta",
                   "vm_service",
                   "webdriver",
                   "async",
                   "boolean_selector",
                   "characters",
                   "clock",
                   "collection",
                   "leak_tracker",
                   "leak_tracker_flutter_testing",
                   "leak_tracker_testing",
                   "matcher",
                   "material_color_utilities",
                   "platform",
                   "process",
                   "source_span",
                   "stack_trace",
                   "stream_channel",
                   "string_scanner",
                   "sync_http",
                   "term_glyph",
                   "test_api",
                   "vector_math"
                 ]
               },
               {
                 "name": "process",
                 "version": "5.0.3",
                 "kind": "transitive",
                 "source": "hosted",
                 "dependencies": [
                   "file",
                   "path",
                   "platform"
                 ],
                 "directDependencies": [
                   "file",
                   "path",
                   "platform"
                 ]
               },
               {
                 "name": "platform",
                 "version": "3.1.6",
                 "kind": "transitive",
                 "source": "hosted",
                 "dependencies": [],
                 "directDependencies": []
               },
               {
                 "name": "fuchsia_remote_debug_protocol",
                 "version": "0.0.0",
                 "kind": "transitive",
                 "source": "sdk",
                 "dependencies": [
                   "process",
                   "vm_service",
                   "file",
                   "meta",
                   "path",
                   "platform"
                 ],
                 "directDependencies": [
                   "process",
                   "vm_service",
                   "file",
                   "meta",
                   "path",
                   "platform"
                 ]
               },
               {
                 "name": "mockito",
                 "version": "5.4.5",
                 "kind": "dev",
                 "source": "hosted",
                 "dependencies": [
                   "analyzer",
                   "build",
                   "code_builder",
                   "collection",
                   "dart_style",
                   "matcher",
                   "meta",
                   "path",
                   "source_gen",
                   "test_api"
                 ],
                 "directDependencies": [
                   "analyzer",
                   "build",
                   "code_builder",
                   "collection",
                   "dart_style",
                   "matcher",
                   "meta",
                   "path",
                   "source_gen",
                   "test_api"
                 ]
               },
               {
                 "name": "share_plus",
                 "version": "7.2.2",
                 "kind": "direct",
                 "source": "hosted",
                 "dependencies": [
                   "cross_file",
                   "meta",
                   "mime",
                   "flutter",
                   "flutter_web_plugins",
                   "share_plus_platform_interface",
                   "file",
                   "url_launcher_web",
                   "url_launcher_windows",
                   "url_launcher_linux",
                   "url_launcher_platform_interface",
                   "ffi",
                   "win32"
                 ],
                 "directDependencies": [
                   "cross_file",
                   "meta",
                   "mime",
                   "flutter",
                   "flutter_web_plugins",
                   "share_plus_platform_interface",
                   "file",
                   "url_launcher_web",
                   "url_launcher_windows",
                   "url_launcher_linux",
                   "url_launcher_platform_interface",
                   "ffi",
                   "win32"
                 ]
               },
               {
                 "name": "win32",
                 "version": "5.14.0",
                 "kind": "transitive",
                 "source": "hosted",
                 "dependencies": [
                   "ffi"
                 ],
                 "directDependencies": [
                   "ffi"
                 ]
               },
               {
                 "name": "ffi",
                 "version": "2.1.4",
                 "kind": "transitive",
                 "source": "hosted",
                 "dependencies": [],
                 "directDependencies": []
               },
               {
                 "name": "url_launcher_platform_interface",
                 "version": "2.3.2",
                 "kind": "transitive",
                 "source": "hosted",
                 "dependencies": [
                   "flutter",
                   "plugin_platform_interface"
                 ],
                 "directDependencies": [
                   "flutter",
                   "plugin_platform_interface"
                 ]
               },
               {
                 "name": "plugin_platform_interface",
                 "version": "2.1.8",
                 "kind": "transitive",
                 "source": "hosted",
                 "dependencies": [
                   "meta"
                 ],
                 "directDependencies": [
                   "meta"
                 ]
               },
               {
                 "name": "url_launcher_linux",
                 "version": "3.2.1",
                 "kind": "transitive",
                 "source": "hosted",
                 "dependencies": [
                   "flutter",
                   "url_launcher_platform_interface"
                 ],
                 "directDependencies": [
                   "flutter",
                   "url_launcher_platform_interface"
                 ]
               },
               {
                 "name": "url_launcher_windows",
                 "version": "3.1.4",
                 "kind": "transitive",
                 "source": "hosted",
                 "dependencies": [
                   "flutter",
                   "url_launcher_platform_interface"
                 ],
                 "directDependencies": [
                   "flutter",
                   "url_launcher_platform_interface"
                 ]
               },
               {
                 "name": "url_launcher_web",
                 "version": "2.4.1",
                 "kind": "transitive",
                 "source": "hosted",
                 "dependencies": [
                   "flutter",
                   "flutter_web_plugins",
                   "url_launcher_platform_interface",
                   "web"
                 ],
                 "directDependencies": [
                   "flutter",
                   "flutter_web_plugins",
                   "url_launcher_platform_interface",
                   "web"
                 ]
               },
               {
                 "name": "flutter_web_plugins",
                 "version": "0.0.0",
                 "kind": "transitive",
                 "source": "sdk",
                 "dependencies": [
                   "flutter",
                   "characters",
                   "collection",
                   "material_color_utilities",
                   "meta",
                   "vector_math"
                 ],
                 "directDependencies": [
                   "flutter",
                   "characters",
                   "collection",
                   "material_color_utilities",
                   "meta",
                   "vector_math"
                 ]
               },
               {
                 "name": "share_plus_platform_interface",
                 "version": "3.4.0",
                 "kind": "transitive",
                 "source": "hosted",
                 "dependencies": [
                   "cross_file",
                   "flutter",
                   "meta",
                   "mime",
                   "plugin_platform_interface",
                   "path_provider",
                   "uuid"
                 ],
                 "directDependencies": [
                   "cross_file",
                   "flutter",
                   "meta",
                   "mime",
                   "plugin_platform_interface",
                   "path_provider",
                   "uuid"
                 ]
               },
               {
                 "name": "uuid",
                 "version": "4.5.1",
                 "kind": "transitive",
                 "source": "hosted",
                 "dependencies": [
                   "crypto",
                   "sprintf",
                   "meta",
                   "fixnum"
                 ],
                 "directDependencies": [
                   "crypto",
                   "sprintf",
                   "meta",
                   "fixnum"
                 ]
               },
               {
                 "name": "sprintf",
                 "version": "7.0.0",
                 "kind": "transitive",
                 "source": "hosted",
                 "dependencies": [],
                 "directDependencies": []
               },
               {
                 "name": "path_provider",
                 "version": "2.1.5",
                 "kind": "direct",
                 "source": "hosted",
                 "dependencies": [
                   "flutter",
                   "path_provider_android",
                   "path_provider_foundation",
                   "path_provider_linux",
                   "path_provider_platform_interface",
                   "path_provider_windows"
                 ],
                 "directDependencies": [
                   "flutter",
                   "path_provider_android",
                   "path_provider_foundation",
                   "path_provider_linux",
                   "path_provider_platform_interface",
                   "path_provider_windows"
                 ]
               },
               {
                 "name": "path_provider_windows",
                 "version": "2.3.0",
                 "kind": "transitive",
                 "source": "hosted",
                 "dependencies": [
                   "ffi",
                   "flutter",
                   "path",
                   "path_provider_platform_interface"
                 ],
                 "directDependencies": [
                   "ffi",
                   "flutter",
                   "path",
                   "path_provider_platform_interface"
                 ]
               },
               {
                 "name": "path_provider_platform_interface",
                 "version": "2.1.2",
                 "kind": "transitive",
                 "source": "hosted",
                 "dependencies": [
                   "flutter",
                   "platform",
                   "plugin_platform_interface"
                 ],
                 "directDependencies": [
                   "flutter",
                   "platform",
                   "plugin_platform_interface"
                 ]
               },
               {
                 "name": "path_provider_linux",
                 "version": "2.2.1",
                 "kind": "transitive",
                 "source": "hosted",
                 "dependencies": [
                   "ffi",
                   "flutter",
                   "path",
                   "path_provider_platform_interface",
                   "xdg_directories"
                 ],
                 "directDependencies": [
                   "ffi",
                   "flutter",
                   "path",
                   "path_provider_platform_interface",
                   "xdg_directories"
                 ]
               },
               {
                 "name": "xdg_directories",
                 "version": "1.1.0",
                 "kind": "transitive",
                 "source": "hosted",
                 "dependencies": [
                   "meta",
                   "path"
                 ],
                 "directDependencies": [
                   "meta",
                   "path"
                 ]
               },
               {
                 "name": "path_provider_foundation",
                 "version": "2.4.1",
                 "kind": "transitive",
                 "source": "hosted",
                 "dependencies": [
                   "flutter",
                   "path_provider_platform_interface"
                 ],
                 "directDependencies": [
                   "flutter",
                   "path_provider_platform_interface"
                 ]
               },
               {
                 "name": "path_provider_android",
                 "version": "2.2.17",
                 "kind": "transitive",
                 "source": "hosted",
                 "dependencies": [
                   "flutter",
                   "path_provider_platform_interface"
                 ],
                 "directDependencies": [
                   "flutter",
                   "path_provider_platform_interface"
                 ]
               },
               {
                 "name": "cross_file",
                 "version": "0.3.4+2",
                 "kind": "transitive",
                 "source": "hosted",
                 "dependencies": [
                   "meta",
                   "web"
                 ],
                 "directDependencies": [
                   "meta",
                   "web"
                 ]
               },
               {
                 "name": "firebase_messaging",
                 "version": "14.7.10",
                 "kind": "direct",
                 "source": "hosted",
                 "dependencies": [
                   "firebase_core",
                   "firebase_core_platform_interface",
                   "firebase_messaging_platform_interface",
                   "firebase_messaging_web",
                   "flutter",
                   "meta"
                 ],
                 "directDependencies": [
                   "firebase_core",
                   "firebase_core_platform_interface",
                   "firebase_messaging_platform_interface",
                   "firebase_messaging_web",
                   "flutter",
                   "meta"
                 ]
               },
               {
                 "name": "firebase_messaging_web",
                 "version": "3.5.18",
                 "kind": "transitive",
                 "source": "hosted",
                 "dependencies": [
                   "_flutterfire_internals",
                   "firebase_core",
                   "firebase_core_web",
                   "firebase_messaging_platform_interface",
                   "flutter",
                   "flutter_web_plugins",
                   "js",
                   "meta"
                 ],
                 "directDependencies": [
                   "_flutterfire_internals",
                   "firebase_core",
                   "firebase_core_web",
                   "firebase_messaging_platform_interface",
                   "flutter",
                   "flutter_web_plugins",
                   "js",
                   "meta"
                 ]
               },
               {
                 "name": "firebase_messaging_platform_interface",
                 "version": "4.5.37",
                 "kind": "transitive",
                 "source": "hosted",
                 "dependencies": [
                   "_flutterfire_internals",
                   "firebase_core",
                   "flutter",
                   "meta",
                   "plugin_platform_interface"
                 ],
                 "directDependencies": [
                   "_flutterfire_internals",
                   "firebase_core",
                   "flutter",
                   "meta",
                   "plugin_platform_interface"
                 ]
               },
               {
                 "name": "firebase_core",
                 "version": "2.32.0",
                 "kind": "direct",
                 "source": "hosted",
                 "dependencies": [
                   "firebase_core_platform_interface",
                   "firebase_core_web",
                   "flutter",
                   "meta"
                 ],
                 "directDependencies": [
                   "firebase_core_platform_interface",
                   "firebase_core_web",
                   "flutter",
                   "meta"
                 ]
               },
               {
                 "name": "firebase_core_web",
                 "version": "2.24.0",
                 "kind": "transitive",
                 "source": "hosted",
                 "dependencies": [
                   "firebase_core_platform_interface",
                   "flutter",
                   "flutter_web_plugins",
                   "meta",
                   "web"
                 ],
                 "directDependencies": [
                   "firebase_core_platform_interface",
                   "flutter",
                   "flutter_web_plugins",
                   "meta",
                   "web"
                 ]
               },
               {
                 "name": "firebase_core_platform_interface",
                 "version": "5.4.2",
                 "kind": "transitive",
                 "source": "hosted",
                 "dependencies": [
                   "collection",
                   "flutter",
                   "flutter_test",
                   "meta",
                   "plugin_platform_interface"
                 ],
                 "directDependencies": [
                   "collection",
                   "flutter",
                   "flutter_test",
                   "meta",
                   "plugin_platform_interface"
                 ]
               },
               {
                 "name": "_flutterfire_internals",
                 "version": "1.3.35",
                 "kind": "transitive",
                 "source": "hosted",
                 "dependencies": [
                   "collection",
                   "firebase_core",
                   "firebase_core_platform_interface",
                   "flutter",
                   "meta"
                 ],
                 "directDependencies": [
                   "collection",
                   "firebase_core",
                   "firebase_core_platform_interface",
                   "flutter",
                   "meta"
                 ]
               },
               {
                 "name": "firebase_storage",
                 "version": "11.6.5",
                 "kind": "direct",
                 "source": "hosted",
                 "dependencies": [
                   "firebase_core",
                   "firebase_core_platform_interface",
                   "firebase_storage_platform_interface",
                   "firebase_storage_web",
                   "flutter"
                 ],
                 "directDependencies": [
                   "firebase_core",
                   "firebase_core_platform_interface",
                   "firebase_storage_platform_interface",
                   "firebase_storage_web",
                   "flutter"
                 ]
               },
               {
                 "name": "firebase_storage_web",
                 "version": "3.6.22",
                 "kind": "transitive",
                 "source": "hosted",
                 "dependencies": [
                   "_flutterfire_internals",
                   "async",
                   "firebase_core",
                   "firebase_core_web",
                   "firebase_storage_platform_interface",
                   "flutter",
                   "flutter_web_plugins",
                   "http",
                   "js",
                   "meta"
                 ],
                 "directDependencies": [
                   "_flutterfire_internals",
                   "async",
                   "firebase_core",
                   "firebase_core_web",
                   "firebase_storage_platform_interface",
                   "flutter",
                   "flutter_web_plugins",
                   "http",
                   "js",
                   "meta"
                 ]
               },
               {
                 "name": "firebase_storage_platform_interface",
                 "version": "5.1.22",
                 "kind": "transitive",
                 "source": "hosted",
                 "dependencies": [
                   "_flutterfire_internals",
                   "collection",
                   "firebase_core",
                   "flutter",
                   "meta",
                   "plugin_platform_interface"
                 ],
                 "directDependencies": [
                   "_flutterfire_internals",
                   "collection",
                   "firebase_core",
                   "flutter",
                   "meta",
                   "plugin_platform_interface"
                 ]
               },
               {
                 "name": "cloud_firestore",
                 "version": "4.17.5",
                 "kind": "direct",
                 "source": "hosted",
                 "dependencies": [
                   "cloud_firestore_platform_interface",
                   "cloud_firestore_web",
                   "collection",
                   "firebase_core",
                   "firebase_core_platform_interface",
                   "flutter",
                   "meta"
                 ],
                 "directDependencies": [
                   "cloud_firestore_platform_interface",
                   "cloud_firestore_web",
                   "collection",
                   "firebase_core",
                   "firebase_core_platform_interface",
                   "flutter",
                   "meta"
                 ]
               },
               {
                 "name": "cloud_firestore_web",
                 "version": "3.12.5",
                 "kind": "transitive",
                 "source": "hosted",
                 "dependencies": [
                   "_flutterfire_internals",
                   "cloud_firestore_platform_interface",
                   "collection",
                   "firebase_core",
                   "firebase_core_web",
                   "flutter",
                   "flutter_web_plugins"
                 ],
                 "directDependencies": [
                   "_flutterfire_internals",
                   "cloud_firestore_platform_interface",
                   "collection",
                   "firebase_core",
                   "firebase_core_web",
                   "flutter",
                   "flutter_web_plugins"
                 ]
               },
               {
                 "name": "cloud_firestore_platform_interface",
                 "version": "6.2.5",
                 "kind": "transitive",
                 "source": "hosted",
                 "dependencies": [
                   "_flutterfire_internals",
                   "collection",
                   "firebase_core",
                   "flutter",
                   "meta",
                   "plugin_platform_interface"
                 ],
                 "directDependencies": [
                   "_flutterfire_internals",
                   "collection",
                   "firebase_core",
                   "flutter",
                   "meta",
                   "plugin_platform_interface"
                 ]
               },
               {
                 "name": "firebase_auth",
                 "version": "4.16.0",
                 "kind": "direct",
                 "source": "hosted",
                 "dependencies": [
                   "firebase_auth_platform_interface",
                   "firebase_auth_web",
                   "firebase_core",
                   "firebase_core_platform_interface",
                   "flutter",
                   "meta"
                 ],
                 "directDependencies": [
                   "firebase_auth_platform_interface",
                   "firebase_auth_web",
                   "firebase_core",
                   "firebase_core_platform_interface",
                   "flutter",
                   "meta"
                 ]
               },
               {
                 "name": "firebase_auth_web",
                 "version": "5.8.13",
                 "kind": "transitive",
                 "source": "hosted",
                 "dependencies": [
                   "firebase_auth_platform_interface",
                   "firebase_core",
                   "firebase_core_web",
                   "flutter",
                   "flutter_web_plugins",
                   "http_parser",
                   "js",
                   "meta"
                 ],
                 "directDependencies": [
                   "firebase_auth_platform_interface",
                   "firebase_core",
                   "firebase_core_web",
                   "flutter",
                   "flutter_web_plugins",
                   "http_parser",
                   "js",
                   "meta"
                 ]
               },
               {
                 "name": "firebase_auth_platform_interface",
                 "version": "7.3.0",
                 "kind": "transitive",
                 "source": "hosted",
                 "dependencies": [
                   "_flutterfire_internals",
                   "collection",
                   "firebase_core",
                   "flutter",
                   "meta",
                   "plugin_platform_interface"
                 ],
                 "directDependencies": [
                   "_flutterfire_internals",
                   "collection",
                   "firebase_core",
                   "flutter",
                   "meta",
                   "plugin_platform_interface"
                 ]
               },
               {
                 "name": "flutter_secure_storage",
                 "version": "9.2.4",
                 "kind": "direct",
                 "source": "hosted",
                 "dependencies": [
                   "flutter",
                   "flutter_secure_storage_linux",
                   "flutter_secure_storage_macos",
                   "flutter_secure_storage_platform_interface",
                   "flutter_secure_storage_web",
                   "flutter_secure_storage_windows",
                   "meta"
                 ],
                 "directDependencies": [
                   "flutter",
                   "flutter_secure_storage_linux",
                   "flutter_secure_storage_macos",
                   "flutter_secure_storage_platform_interface",
                   "flutter_secure_storage_web",
                   "flutter_secure_storage_windows",
                   "meta"
                 ]
               },
               {
                 "name": "flutter_secure_storage_windows",
                 "version": "3.1.2",
                 "kind": "transitive",
                 "source": "hosted",
                 "dependencies": [
                   "ffi",
                   "flutter",
                   "flutter_secure_storage_platform_interface",
                   "path",
                   "path_provider",
                   "win32"
                 ],
                 "directDependencies": [
                   "ffi",
                   "flutter",
                   "flutter_secure_storage_platform_interface",
                   "path",
                   "path_provider",
                   "win32"
                 ]
               },
               {
                 "name": "flutter_secure_storage_platform_interface",
                 "version": "1.1.2",
                 "kind": "transitive",
                 "source": "hosted",
                 "dependencies": [
                   "flutter",
                   "plugin_platform_interface"
                 ],
                 "directDependencies": [
                   "flutter",
                   "plugin_platform_interface"
                 ]
               },
               {
                 "name": "flutter_secure_storage_web",
                 "version": "1.2.1",
                 "kind": "transitive",
                 "source": "hosted",
                 "dependencies": [
                   "flutter",
                   "flutter_secure_storage_platform_interface",
                   "flutter_web_plugins",
                   "js"
                 ],
                 "directDependencies": [
                   "flutter",
                   "flutter_secure_storage_platform_interface",
                   "flutter_web_plugins",
                   "js"
                 ]
               },
               {
                 "name": "flutter_secure_storage_macos",
                 "version": "3.1.3",
                 "kind": "transitive",
                 "source": "hosted",
                 "dependencies": [
                   "flutter",
                   "flutter_secure_storage_platform_interface"
                 ],
                 "directDependencies": [
                   "flutter",
                   "flutter_secure_storage_platform_interface"
                 ]
               },
               {
                 "name": "flutter_secure_storage_linux",
                 "version": "1.2.3",
                 "kind": "transitive",
                 "source": "hosted",
                 "dependencies": [
                   "flutter",
                   "flutter_secure_storage_platform_interface"
                 ],
                 "directDependencies": [
                   "flutter",
                   "flutter_secure_storage_platform_interface"
                 ]
               },
               {
                 "name": "shared_preferences",
                 "version": "2.5.3",
                 "kind": "direct",
                 "source": "hosted",
                 "dependencies": [
                   "flutter",
                   "shared_preferences_android",
                   "shared_preferences_foundation",
                   "shared_preferences_linux",
                   "shared_preferences_platform_interface",
                   "shared_preferences_web",
                   "shared_preferences_windows"
                 ],
                 "directDependencies": [
                   "flutter",
                   "shared_preferences_android",
                   "shared_preferences_foundation",
                   "shared_preferences_linux",
                   "shared_preferences_platform_interface",
                   "shared_preferences_web",
                   "shared_preferences_windows"
                 ]
               },
               {
                 "name": "shared_preferences_windows",
                 "version": "2.4.1",
                 "kind": "transitive",
                 "source": "hosted",
                 "dependencies": [
                   "file",
                   "flutter",
                   "path",
                   "path_provider_platform_interface",
                   "path_provider_windows",
                   "shared_preferences_platform_interface"
                 ],
                 "directDependencies": [
                   "file",
                   "flutter",
                   "path",
                   "path_provider_platform_interface",
                   "path_provider_windows",
                   "shared_preferences_platform_interface"
                 ]
               },
               {
                 "name": "shared_preferences_platform_interface",
                 "version": "2.4.1",
                 "kind": "transitive",
                 "source": "hosted",
                 "dependencies": [
                   "flutter",
                   "plugin_platform_interface"
                 ],
                 "directDependencies": [
                   "flutter",
                   "plugin_platform_interface"
                 ]
               },
               {
                 "name": "shared_preferences_web",
                 "version": "2.4.3",
                 "kind": "transitive",
                 "source": "hosted",
                 "dependencies": [
                   "flutter",
                   "flutter_web_plugins",
                   "shared_preferences_platform_interface",
                   "web"
                 ],
                 "directDependencies": [
                   "flutter",
                   "flutter_web_plugins",
                   "shared_preferences_platform_interface",
                   "web"
                 ]
               },
               {
                 "name": "shared_preferences_linux",
                 "version": "2.4.1",
                 "kind": "transitive",
                 "source": "hosted",
                 "dependencies": [
                   "file",
                   "flutter",
                   "path",
                   "path_provider_linux",
                   "path_provider_platform_interface",
                   "shared_preferences_platform_interface"
                 ],
                 "directDependencies": [
                   "file",
                   "flutter",
                   "path",
                   "path_provider_linux",
                   "path_provider_platform_interface",
                   "shared_preferences_platform_interface"
                 ]
               },
               {
                 "name": "shared_preferences_foundation",
                 "version": "2.5.4",
                 "kind": "transitive",
                 "source": "hosted",
                 "dependencies": [
                   "flutter",
                   "shared_preferences_platform_interface"
                 ],
                 "directDependencies": [
                   "flutter",
                   "shared_preferences_platform_interface"
                 ]
               },
               {
                 "name": "shared_preferences_android",
                 "version": "2.4.10",
                 "kind": "transitive",
                 "source": "hosted",
                 "dependencies": [
                   "flutter",
                   "shared_preferences_platform_interface"
                 ],
                 "directDependencies": [
                   "flutter",
                   "shared_preferences_platform_interface"
                 ]
               },
               {
                 "name": "intl",
                 "version": "0.18.1",
                 "kind": "direct",
                 "source": "hosted",
                 "dependencies": [
                   "clock",
                   "meta",
                   "path"
                 ],
                 "directDependencies": [
                   "clock",
                   "meta",
                   "path"
                 ]
               },
               {
                 "name": "math_expressions",
                 "version": "2.7.0",
                 "kind": "direct",
                 "source": "hosted",
                 "dependencies": [
                   "petitparser",
                   "vector_math"
                 ],
                 "directDependencies": [
                   "petitparser",
                   "vector_math"
                 ]
               },
               {
                 "name": "petitparser",
                 "version": "6.1.0",
                 "kind": "transitive",
                 "source": "hosted",
                 "dependencies": [
                   "meta",
                   "collection"
                 ],
                 "directDependencies": [
                   "meta",
                   "collection"
                 ]
               },
               {
                 "name": "table_calendar",
                 "version": "3.0.9",
                 "kind": "direct",
                 "source": "hosted",
                 "dependencies": [
                   "flutter",
                   "intl",
                   "simple_gesture_detector"
                 ],
                 "directDependencies": [
                   "flutter",
                   "intl",
                   "simple_gesture_detector"
                 ]
               },
               {
                 "name": "simple_gesture_detector",
                 "version": "0.2.1",
                 "kind": "transitive",
                 "source": "hosted",
                 "dependencies": [
                   "flutter"
                 ],
                 "directDependencies": [
                   "flutter"
                 ]
               },
               {
                 "name": "flutter_local_notifications",
                 "version": "15.1.3",
                 "kind": "direct",
                 "source": "hosted",
                 "dependencies": [
                   "clock",
                   "flutter",
                   "flutter_local_notifications_linux",
                   "flutter_local_notifications_platform_interface",
                   "timezone"
                 ],
                 "directDependencies": [
                   "clock",
                   "flutter",
                   "flutter_local_notifications_linux",
                   "flutter_local_notifications_platform_interface",
                   "timezone"
                 ]
               },
               {
                 "name": "timezone",
                 "version": "0.9.4",
                 "kind": "transitive",
                 "source": "hosted",
                 "dependencies": [
                   "path"
                 ],
                 "directDependencies": [
                   "path"
                 ]
               },
               {
                 "name": "flutter_local_notifications_platform_interface",
                 "version": "7.2.0",
                 "kind": "transitive",
                 "source": "hosted",
                 "dependencies": [
                   "flutter",
                   "plugin_platform_interface"
                 ],
                 "directDependencies": [
                   "flutter",
                   "plugin_platform_interface"
                 ]
               },
               {
                 "name": "flutter_local_notifications_linux",
                 "version": "4.0.1",
                 "kind": "transitive",
                 "source": "hosted",
                 "dependencies": [
                   "dbus",
                   "ffi",
                   "flutter",
                   "flutter_local_notifications_platform_interface",
                   "path",
                   "xdg_directories"
                 ],
                 "directDependencies": [
                   "dbus",
                   "ffi",
                   "flutter",
                   "flutter_local_notifications_platform_interface",
                   "path",
                   "xdg_directories"
                 ]
               },
               {
                 "name": "dbus",
                 "version": "0.7.11",
                 "kind": "transitive",
                 "source": "hosted",
                 "dependencies": [
                   "args",
                   "ffi",
                   "meta",
                   "xml"
                 ],
                 "directDependencies": [
                   "args",
                   "ffi",
                   "meta",
                   "xml"
                 ]
               },
               {
                 "name": "xml",
                 "version": "6.5.0",
                 "kind": "transitive",
                 "source": "hosted",
                 "dependencies": [
                   "collection",
                   "meta",
                   "petitparser"
                 ],
                 "directDependencies": [
                   "collection",
                   "meta",
                   "petitparser"
                 ]
               },
               {
                 "name": "permission_handler",
                 "version": "11.4.0",
                 "kind": "direct",
                 "source": "hosted",
                 "dependencies": [
                   "flutter",
                   "meta",
                   "permission_handler_android",
                   "permission_handler_apple",
                   "permission_handler_html",
                   "permission_handler_windows",
                   "permission_handler_platform_interface"
                 ],
                 "directDependencies": [
                   "flutter",
                   "meta",
                   "permission_handler_android",
                   "permission_handler_apple",
                   "permission_handler_html",
                   "permission_handler_windows",
                   "permission_handler_platform_interface"
                 ]
               },
               {
                 "name": "permission_handler_platform_interface",
                 "version": "4.3.0",
                 "kind": "transitive",
                 "source": "hosted",
                 "dependencies": [
                   "flutter",
                   "meta",
                   "plugin_platform_interface"
                 ],
                 "directDependencies": [
                   "flutter",
                   "meta",
                   "plugin_platform_interface"
                 ]
               },
               {
                 "name": "permission_handler_windows",
                 "version": "0.2.1",
                 "kind": "transitive",
                 "source": "hosted",
                 "dependencies": [
                   "flutter",
                   "permission_handler_platform_interface"
                 ],
                 "directDependencies": [
                   "flutter",
                   "permission_handler_platform_interface"
                 ]
               },
               {
                 "name": "permission_handler_html",
                 "version": "0.1.3+5",
                 "kind": "transitive",
                 "source": "hosted",
                 "dependencies": [
                   "flutter",
                   "flutter_web_plugins",
                   "permission_handler_platform_interface",
                   "web"
                 ],
                 "directDependencies": [
                   "flutter",
                   "flutter_web_plugins",
                   "permission_handler_platform_interface",
                   "web"
                 ]
               },
               {
                 "name": "permission_handler_apple",
                 "version": "9.4.7",
                 "kind": "transitive",
                 "source": "hosted",
                 "dependencies": [
                   "flutter",
                   "permission_handler_platform_interface"
                 ],
                 "directDependencies": [
                   "flutter",
                   "permission_handler_platform_interface"
                 ]
               },
               {
                 "name": "permission_handler_android",
                 "version": "12.1.0",
                 "kind": "transitive",
                 "source": "hosted",
                 "dependencies": [
                   "flutter",
                   "permission_handler_platform_interface"
                 ],
                 "directDependencies": [
                   "flutter",
                   "permission_handler_platform_interface"
                 ]
               },
               {
                 "name": "printing",
                 "version": "5.14.2",
                 "kind": "direct",
                 "source": "hosted",
                 "dependencies": [
                   "ffi",
                   "flutter",
                   "flutter_web_plugins",
                   "http",
                   "image",
                   "meta",
                   "pdf",
                   "pdf_widget_wrapper",
                   "plugin_platform_interface",
                   "web"
                 ],
                 "directDependencies": [
                   "ffi",
                   "flutter",
                   "flutter_web_plugins",
                   "http",
                   "image",
                   "meta",
                   "pdf",
                   "pdf_widget_wrapper",
                   "plugin_platform_interface",
                   "web"
                 ]
               },
               {
                 "name": "pdf_widget_wrapper",
                 "version": "1.0.4",
                 "kind": "transitive",
                 "source": "hosted",
                 "dependencies": [
                   "flutter",
                   "pdf"
                 ],
                 "directDependencies": [
                   "flutter",
                   "pdf"
                 ]
               },
               {
                 "name": "pdf",
                 "version": "3.11.3",
                 "kind": "direct",
                 "source": "hosted",
                 "dependencies": [
                   "archive",
                   "barcode",
                   "bidi",
                   "crypto",
                   "image",
                   "meta",
                   "path_parsing",
                   "vector_math",
                   "xml"
                 ],
                 "directDependencies": [
                   "archive",
                   "barcode",
                   "bidi",
                   "crypto",
                   "image",
                   "meta",
                   "path_parsing",
                   "vector_math",
                   "xml"
                 ]
               },
               {
                 "name": "path_parsing",
                 "version": "1.1.0",
                 "kind": "transitive",
                 "source": "hosted",
                 "dependencies": [
                   "meta",
                   "vector_math"
                 ],
                 "directDependencies": [
                   "meta",
                   "vector_math"
                 ]
               },
               {
                 "name": "image",
                 "version": "4.5.4",
                 "kind": "transitive",
                 "source": "hosted",
                 "dependencies": [
                   "archive",
                   "meta",
                   "xml"
                 ],
                 "directDependencies": [
                   "archive",
                   "meta",
                   "xml"
                 ]
               },
               {
                 "name": "archive",
                 "version": "4.0.7",
                 "kind": "transitive",
                 "source": "hosted",
                 "dependencies": [
                   "crypto",
                   "path",
                   "posix"
                 ],
                 "directDependencies": [
                   "crypto",
                   "path",
                   "posix"
                 ]
               },
               {
                 "name": "posix",
                 "version": "6.0.3",
                 "kind": "transitive",
                 "source": "hosted",
                 "dependencies": [
                   "ffi",
                   "meta",
                   "path"
                 ],
                 "directDependencies": [
                   "ffi",
                   "meta",
                   "path"
                 ]
               },
               {
                 "name": "bidi",
                 "version": "2.0.13",
                 "kind": "transitive",
                 "source": "hosted",
                 "dependencies": [],
                 "directDependencies": []
               },
               {
                 "name": "barcode",
                 "version": "2.2.9",
                 "kind": "transitive",
                 "source": "hosted",
                 "dependencies": [
                   "meta",
                   "qr"
                 ],
                 "directDependencies": [
                   "meta",
                   "qr"
                 ]
               },
               {
                 "name": "qr",
                 "version": "3.0.2",
                 "kind": "transitive",
                 "source": "hosted",
                 "dependencies": [
                   "meta"
                 ],
                 "directDependencies": [
                   "meta"
                 ]
               },
               {
                 "name": "photo_view",
                 "version": "0.14.0",
                 "kind": "direct",
                 "source": "hosted",
                 "dependencies": [
                   "flutter"
                 ],
                 "directDependencies": [
                   "flutter"
                 ]
               },
               {
                 "name": "image_picker",
                 "version": "1.1.2",
                 "kind": "direct",
                 "source": "hosted",
                 "dependencies": [
                   "flutter",
                   "image_picker_android",
                   "image_picker_for_web",
                   "image_picker_ios",
                   "image_picker_linux",
                   "image_picker_macos",
                   "image_picker_platform_interface",
                   "image_picker_windows"
                 ],
                 "directDependencies": [
                   "flutter",
                   "image_picker_android",
                   "image_picker_for_web",
                   "image_picker_ios",
                   "image_picker_linux",
                   "image_picker_macos",
                   "image_picker_platform_interface",
                   "image_picker_windows"
                 ]
               },
               {
                 "name": "image_picker_windows",
                 "version": "0.2.1+1",
                 "kind": "transitive",
                 "source": "hosted",
                 "dependencies": [
                   "file_selector_platform_interface",
                   "file_selector_windows",
                   "flutter",
                   "image_picker_platform_interface"
                 ],
                 "directDependencies": [
                   "file_selector_platform_interface",
                   "file_selector_windows",
                   "flutter",
                   "image_picker_platform_interface"
                 ]
               },
               {
                 "name": "image_picker_platform_interface",
                 "version": "2.10.1",
                 "kind": "transitive",
                 "source": "hosted",
                 "dependencies": [
                   "cross_file",
                   "flutter",
                   "http",
                   "plugin_platform_interface"
                 ],
                 "directDependencies": [
                   "cross_file",
                   "flutter",
                   "http",
                   "plugin_platform_interface"
                 ]
               },
               {
                 "name": "file_selector_windows",
                 "version": "0.9.3+4",
                 "kind": "transitive",
                 "source": "hosted",
                 "dependencies": [
                   "cross_file",
                   "file_selector_platform_interface",
                   "flutter"
                 ],
                 "directDependencies": [
                   "cross_file",
                   "file_selector_platform_interface",
                   "flutter"
                 ]
               },
               {
                 "name": "file_selector_platform_interface",
                 "version": "2.6.2",
                 "kind": "transitive",
                 "source": "hosted",
                 "dependencies": [
                   "cross_file",
                   "flutter",
                   "http",
                   "plugin_platform_interface"
                 ],
                 "directDependencies": [
                   "cross_file",
                   "flutter",
                   "http",
                   "plugin_platform_interface"
                 ]
               },
               {
                 "name": "image_picker_macos",
                 "version": "0.2.1+2",
                 "kind": "transitive",
                 "source": "hosted",
                 "dependencies": [
                   "file_selector_macos",
                   "file_selector_platform_interface",
                   "flutter",
                   "image_picker_platform_interface"
                 ],
                 "directDependencies": [
                   "file_selector_macos",
                   "file_selector_platform_interface",
                   "flutter",
                   "image_picker_platform_interface"
                 ]
               },
               {
                 "name": "file_selector_macos",
                 "version": "0.9.4+3",
                 "kind": "transitive",
                 "source": "hosted",
                 "dependencies": [
                   "cross_file",
                   "file_selector_platform_interface",
                   "flutter"
                 ],
                 "directDependencies": [
                   "cross_file",
                   "file_selector_platform_interface",
                   "flutter"
                 ]
               },
               {
                 "name": "image_picker_linux",
                 "version": "0.2.1+2",
                 "kind": "transitive",
                 "source": "hosted",
                 "dependencies": [
                   "file_selector_linux",
                   "file_selector_platform_interface",
                   "flutter",
                   "image_picker_platform_interface"
                 ],
                 "directDependencies": [
                   "file_selector_linux",
                   "file_selector_platform_interface",
                   "flutter",
                   "image_picker_platform_interface"
                 ]
               },
               {
                 "name": "file_selector_linux",
                 "version": "0.9.3+2",
                 "kind": "transitive",
                 "source": "hosted",
                 "dependencies": [
                   "cross_file",
                   "file_selector_platform_interface",
                   "flutter"
                 ],
                 "directDependencies": [
                   "cross_file",
                   "file_selector_platform_interface",
                   "flutter"
                 ]
               },
               {
                 "name": "image_picker_ios",
                 "version": "0.8.12+2",
                 "kind": "transitive",
                 "source": "hosted",
                 "dependencies": [
                   "flutter",
                   "image_picker_platform_interface"
                 ],
                 "directDependencies": [
                   "flutter",
                   "image_picker_platform_interface"
                 ]
               },
               {
                 "name": "image_picker_for_web",
                 "version": "3.0.6",
                 "kind": "transitive",
                 "source": "hosted",
                 "dependencies": [
                   "flutter",
                   "flutter_web_plugins",
                   "image_picker_platform_interface",
                   "mime",
                   "web"
                 ],
                 "directDependencies": [
                   "flutter",
                   "flutter_web_plugins",
                   "image_picker_platform_interface",
                   "mime",
                   "web"
                 ]
               },
               {
                 "name": "image_picker_android",
                 "version": "0.8.12+23",
                 "kind": "transitive",
                 "source": "hosted",
                 "dependencies": [
                   "flutter",
                   "flutter_plugin_android_lifecycle",
                   "image_picker_platform_interface"
                 ],
                 "directDependencies": [
                   "flutter",
                   "flutter_plugin_android_lifecycle",
                   "image_picker_platform_interface"
                 ]
               },
               {
                 "name": "flutter_plugin_android_lifecycle",
                 "version": "2.0.28",
                 "kind": "transitive",
                 "source": "hosted",
                 "dependencies": [
                   "flutter"
                 ],
                 "directDependencies": [
                   "flutter"
                 ]
               },
               {
                 "name": "camera",
                 "version": "0.10.6",
                 "kind": "direct",
                 "source": "hosted",
                 "dependencies": [
                   "camera_android",
                   "camera_avfoundation",
                   "camera_platform_interface",
                   "camera_web",
                   "flutter",
                   "flutter_plugin_android_lifecycle"
                 ],
                 "directDependencies": [
                   "camera_android",
                   "camera_avfoundation",
                   "camera_platform_interface",
                   "camera_web",
                   "flutter",
                   "flutter_plugin_android_lifecycle"
                 ]
               },
               {
                 "name": "camera_web",
                 "version": "0.3.5",
                 "kind": "transitive",
                 "source": "hosted",
                 "dependencies": [
                   "camera_platform_interface",
                   "flutter",
                   "flutter_web_plugins",
                   "stream_transform",
                   "web"
                 ],
                 "directDependencies": [
                   "camera_platform_interface",
                   "flutter",
                   "flutter_web_plugins",
                   "stream_transform",
                   "web"
                 ]
               },
               {
                 "name": "camera_platform_interface",
                 "version": "2.10.0",
                 "kind": "transitive",
                 "source": "hosted",
                 "dependencies": [
                   "cross_file",
                   "flutter",
                   "plugin_platform_interface",
                   "stream_transform"
                 ],
                 "directDependencies": [
                   "cross_file",
                   "flutter",
                   "plugin_platform_interface",
                   "stream_transform"
                 ]
               },
               {
                 "name": "camera_avfoundation",
                 "version": "0.9.20+1",
                 "kind": "transitive",
                 "source": "hosted",
                 "dependencies": [
                   "camera_platform_interface",
                   "flutter",
                   "stream_transform"
                 ],
                 "directDependencies": [
                   "camera_platform_interface",
                   "flutter",
                   "stream_transform"
                 ]
               },
               {
                 "name": "camera_android",
                 "version": "0.10.10+3",
                 "kind": "transitive",
                 "source": "hosted",
                 "dependencies": [
                   "camera_platform_interface",
                   "flutter",
                   "flutter_plugin_android_lifecycle",
                   "stream_transform"
                 ],
                 "directDependencies": [
                   "camera_platform_interface",
                   "flutter",
                   "flutter_plugin_android_lifecycle",
                   "stream_transform"
                 ]
               },
               {
                 "name": "cached_network_image",
                 "version": "3.4.1",
                 "kind": "direct",
                 "source": "hosted",
                 "dependencies": [
                   "cached_network_image_platform_interface",
                   "cached_network_image_web",
                   "flutter",
                   "flutter_cache_manager",
                   "octo_image"
                 ],
                 "directDependencies": [
                   "cached_network_image_platform_interface",
                   "cached_network_image_web",
                   "flutter",
                   "flutter_cache_manager",
                   "octo_image"
                 ]
               },
               {
                 "name": "octo_image",
                 "version": "2.1.0",
                 "kind": "transitive",
                 "source": "hosted",
                 "dependencies": [
                   "flutter"
                 ],
                 "directDependencies": [
                   "flutter"
                 ]
               },
               {
                 "name": "flutter_cache_manager",
                 "version": "3.4.1",
                 "kind": "transitive",
                 "source": "hosted",
                 "dependencies": [
                   "clock",
                   "collection",
                   "file",
                   "flutter",
                   "http",
                   "path",
                   "path_provider",
                   "rxdart",
                   "sqflite",
                   "uuid"
                 ],
                 "directDependencies": [
                   "clock",
                   "collection",
                   "file",
                   "flutter",
                   "http",
                   "path",
                   "path_provider",
                   "rxdart",
                   "sqflite",
                   "uuid"
                 ]
               },
               {
                 "name": "sqflite",
                 "version": "2.4.2",
                 "kind": "direct",
                 "source": "hosted",
                 "dependencies": [
                   "flutter",
                   "sqflite_android",
                   "sqflite_darwin",
                   "sqflite_platform_interface",
                   "sqflite_common",
                   "path"
                 ],
                 "directDependencies": [
                   "flutter",
                   "sqflite_android",
                   "sqflite_darwin",
                   "sqflite_platform_interface",
                   "sqflite_common",
                   "path"
                 ]
               },
               {
                 "name": "sqflite_common",
                 "version": "2.5.5",
                 "kind": "transitive",
                 "source": "hosted",
                 "dependencies": [
                   "synchronized",
                   "path",
                   "meta"
                 ],
                 "directDependencies": [
                   "synchronized",
                   "path",
                   "meta"
                 ]
               },
               {
                 "name": "synchronized",
                 "version": "3.4.0",
                 "kind": "transitive",
                 "source": "hosted",
                 "dependencies": [],
                 "directDependencies": []
               },
               {
                 "name": "sqflite_platform_interface",
                 "version": "2.4.0",
                 "kind": "transitive",
                 "source": "hosted",
                 "dependencies": [
                   "flutter",
                   "platform",
                   "sqflite_common",
                   "plugin_platform_interface",
                   "meta"
                 ],
                 "directDependencies": [
                   "flutter",
                   "platform",
                   "sqflite_common",
                   "plugin_platform_interface",
                   "meta"
                 ]
               },
               {
                 "name": "sqflite_darwin",
                 "version": "2.4.2",
                 "kind": "transitive",
                 "source": "hosted",
                 "dependencies": [
                   "flutter",
                   "sqflite_platform_interface",
                   "meta",
                   "sqflite_common",
                   "path"
                 ],
                 "directDependencies": [
                   "flutter",
                   "sqflite_platform_interface",
                   "meta",
                   "sqflite_common",
                   "path"
                 ]
               },
               {
                 "name": "sqflite_android",
                 "version": "2.4.1",
                 "kind": "transitive",
                 "source": "hosted",
                 "dependencies": [
                   "flutter",
                   "sqflite_common",
                   "path",
                   "sqflite_platform_interface"
                 ],
                 "directDependencies": [
                   "flutter",
                   "sqflite_common",
                   "path",
                   "sqflite_platform_interface"
                 ]
               },
               {
                 "name": "rxdart",
                 "version": "0.28.0",
                 "kind": "transitive",
                 "source": "hosted",
                 "dependencies": [],
                 "directDependencies": []
               },
               {
                 "name": "cached_network_image_web",
                 "version": "1.3.1",
                 "kind": "transitive",
                 "source": "hosted",
                 "dependencies": [
                   "cached_network_image_platform_interface",
                   "flutter",
                   "flutter_cache_manager",
                   "web"
                 ],
                 "directDependencies": [
                   "cached_network_image_platform_interface",
                   "flutter",
                   "flutter_cache_manager",
                   "web"
                 ]
               },
               {
                 "name": "cached_network_image_platform_interface",
                 "version": "4.1.1",
                 "kind": "transitive",
                 "source": "hosted",
                 "dependencies": [
                   "flutter",
                   "flutter_cache_manager"
                 ],
                 "directDependencies": [
                   "flutter",
                   "flutter_cache_manager"
                 ]
               },
               {
                 "name": "flutter_svg",
                 "version": "2.2.0",
                 "kind": "direct",
                 "source": "hosted",
                 "dependencies": [
                   "flutter",
                   "http",
                   "vector_graphics",
                   "vector_graphics_codec",
                   "vector_graphics_compiler"
                 ],
                 "directDependencies": [
                   "flutter",
                   "http",
                   "vector_graphics",
                   "vector_graphics_codec",
                   "vector_graphics_compiler"
                 ]
               },
               {
                 "name": "vector_graphics_compiler",
                 "version": "1.1.17",
                 "kind": "transitive",
                 "source": "hosted",
                 "dependencies": [
                   "args",
                   "meta",
                   "path",
                   "path_parsing",
                   "vector_graphics_codec",
                   "xml"
                 ],
                 "directDependencies": [
                   "args",
                   "meta",
                   "path",
                   "path_parsing",
                   "vector_graphics_codec",
                   "xml"
                 ]
               },
               {
                 "name": "vector_graphics_codec",
                 "version": "1.1.13",
                 "kind": "transitive",
                 "source": "hosted",
                 "dependencies": [],
                 "directDependencies": []
               },
               {
                 "name": "vector_graphics",
                 "version": "1.1.19",
                 "kind": "transitive",
                 "source": "hosted",
                 "dependencies": [
                   "flutter",
                   "http",
                   "vector_graphics_codec"
                 ],
                 "directDependencies": [
                   "flutter",
                   "http",
                   "vector_graphics_codec"
                 ]
               },
               {
                 "name": "connectivity_plus",
                 "version": "4.0.2",
                 "kind": "direct",
                 "source": "hosted",
                 "dependencies": [
                   "flutter",
                   "flutter_web_plugins",
                   "connectivity_plus_platform_interface",
                   "js",
                   "meta",
                   "nm"
                 ],
                 "directDependencies": [
                   "flutter",
                   "flutter_web_plugins",
                   "connectivity_plus_platform_interface",
                   "js",
                   "meta",
                   "nm"
                 ]
               },
               {
                 "name": "nm",
                 "version": "0.5.0",
                 "kind": "transitive",
                 "source": "hosted",
                 "dependencies": [
                   "dbus"
                 ],
                 "directDependencies": [
                   "dbus"
                 ]
               },
               {
                 "name": "connectivity_plus_platform_interface",
                 "version": "1.2.4",
                 "kind": "transitive",
                 "source": "hosted",
                 "dependencies": [
                   "flutter",
                   "meta",
                   "plugin_platform_interface"
                 ],
                 "directDependencies": [
                   "flutter",
                   "meta",
                   "plugin_platform_interface"
                 ]
               },
               {
                 "name": "dio",
                 "version": "5.8.0+1",
                 "kind": "direct",
                 "source": "hosted",
                 "dependencies": [
                   "async",
                   "collection",
                   "http_parser",
                   "meta",
                   "path",
                   "dio_web_adapter"
                 ],
                 "directDependencies": [
                   "async",
                   "collection",
                   "http_parser",
                   "meta",
                   "path",
                   "dio_web_adapter"
                 ]
               },
               {
                 "name": "dio_web_adapter",
                 "version": "2.1.1",
                 "kind": "transitive",
                 "source": "hosted",
                 "dependencies": [
                   "dio",
                   "http_parser",
                   "meta",
                   "web"
                 ],
                 "directDependencies": [
                   "dio",
                   "http_parser",
                   "meta",
                   "web"
                 ]
               },
               {
                 "name": "hive_flutter",
                 "version": "1.1.0",
                 "kind": "direct",
                 "source": "hosted",
                 "dependencies": [
                   "flutter",
                   "hive",
                   "path_provider",
                   "path"
                 ],
                 "directDependencies": [
                   "flutter",
                   "hive",
                   "path_provider",
                   "path"
                 ]
               },
               {
                 "name": "geolocator",
                 "version": "9.0.2",
                 "kind": "direct",
                 "source": "hosted",
                 "dependencies": [
                   "flutter",
                   "geolocator_platform_interface",
                   "geolocator_android",
                   "geolocator_apple",
                   "geolocator_web",
                   "geolocator_windows"
                 ],
                 "directDependencies": [
                   "flutter",
                   "geolocator_platform_interface",
                   "geolocator_android",
                   "geolocator_apple",
                   "geolocator_web",
                   "geolocator_windows"
                 ]
               },
               {
                 "name": "geolocator_windows",
                 "version": "0.1.3",
                 "kind": "transitive",
                 "source": "hosted",
                 "dependencies": [
                   "flutter",
                   "geolocator_platform_interface"
                 ],
                 "directDependencies": [
                   "flutter",
                   "geolocator_platform_interface"
                 ]
               },
               {
                 "name": "geolocator_platform_interface",
                 "version": "4.2.6",
                 "kind": "transitive",
                 "source": "hosted",
                 "dependencies": [
                   "flutter",
                   "plugin_platform_interface",
                   "vector_math",
                   "meta"
                 ],
                 "directDependencies": [
                   "flutter",
                   "plugin_platform_interface",
                   "vector_math",
                   "meta"
                 ]
               },
               {
                 "name": "geolocator_web",
                 "version": "2.2.1",
                 "kind": "transitive",
                 "source": "hosted",
                 "dependencies": [
                   "flutter",
                   "flutter_web_plugins",
                   "geolocator_platform_interface"
                 ],
                 "directDependencies": [
                   "flutter",
                   "flutter_web_plugins",
                   "geolocator_platform_interface"
                 ]
               },
               {
                 "name": "geolocator_apple",
                 "version": "2.3.13",
                 "kind": "transitive",
                 "source": "hosted",
                 "dependencies": [
                   "flutter",
                   "geolocator_platform_interface"
                 ],
                 "directDependencies": [
                   "flutter",
                   "geolocator_platform_interface"
                 ]
               },
               {
                 "name": "geolocator_android",
                 "version": "4.6.2",
                 "kind": "transitive",
                 "source": "hosted",
                 "dependencies": [
                   "flutter",
                   "geolocator_platform_interface",
                   "meta",
                   "uuid"
                 ],
                 "directDependencies": [
                   "flutter",
                   "geolocator_platform_interface",
                   "meta",
                   "uuid"
                 ]
               },
               {
                 "name": "geocoding",
                 "version": "2.2.2",
                 "kind": "direct",
                 "source": "hosted",
                 "dependencies": [
                   "flutter",
                   "geocoding_platform_interface",
                   "geocoding_android",
                   "geocoding_ios"
                 ],
                 "directDependencies": [
                   "flutter",
                   "geocoding_platform_interface",
                   "geocoding_android",
                   "geocoding_ios"
                 ]
               },
               {
                 "name": "geocoding_ios",
                 "version": "2.3.0",
                 "kind": "transitive",
                 "source": "hosted",
                 "dependencies": [
                   "flutter",
                   "geocoding_platform_interface"
                 ],
                 "directDependencies": [
                   "flutter",
                   "geocoding_platform_interface"
                 ]
               },
               {
                 "name": "geocoding_platform_interface",
                 "version": "3.2.0",
                 "kind": "transitive",
                 "source": "hosted",
                 "dependencies": [
                   "flutter",
                   "meta",
                   "plugin_platform_interface"
                 ],
                 "directDependencies": [
                   "flutter",
                   "meta",
                   "plugin_platform_interface"
                 ]
               },
               {
                 "name": "geocoding_android",
                 "version": "3.3.1",
                 "kind": "transitive",
                 "source": "hosted",
                 "dependencies": [
                   "flutter",
                   "geocoding_platform_interface"
                 ],
                 "directDependencies": [
                   "flutter",
                   "geocoding_platform_interface"
                 ]
               },
               {
                 "name": "location",
                 "version": "5.0.3",
                 "kind": "direct",
                 "source": "hosted",
                 "dependencies": [
                   "flutter",
                   "location_platform_interface",
                   "location_web"
                 ],
                 "directDependencies": [
                   "flutter",
                   "location_platform_interface",
                   "location_web"
                 ]
               },
               {
                 "name": "location_web",
                 "version": "4.2.0",
                 "kind": "transitive",
                 "source": "hosted",
                 "dependencies": [
                   "flutter",
                   "flutter_web_plugins",
                   "http_parser",
                   "js",
                   "location_platform_interface"
                 ],
                 "directDependencies": [
                   "flutter",
                   "flutter_web_plugins",
                   "http_parser",
                   "js",
                   "location_platform_interface"
                 ]
               },
               {
                 "name": "location_platform_interface",
                 "version": "3.1.2",
                 "kind": "transitive",
                 "source": "hosted",
                 "dependencies": [
                   "flutter",
                   "plugin_platform_interface"
                 ],
                 "directDependencies": [
                   "flutter",
                   "plugin_platform_interface"
                 ]
               },
               {
                 "name": "google_maps_flutter",
                 "version": "2.12.3",
                 "kind": "direct",
                 "source": "hosted",
                 "dependencies": [
                   "flutter",
                   "google_maps_flutter_android",
                   "google_maps_flutter_ios",
                   "google_maps_flutter_platform_interface",
                   "google_maps_flutter_web"
                 ],
                 "directDependencies": [
                   "flutter",
                   "google_maps_flutter_android",
                   "google_maps_flutter_ios",
                   "google_maps_flutter_platform_interface",
                   "google_maps_flutter_web"
                 ]
               },
               {
                 "name": "google_maps_flutter_web",
                 "version": "0.5.12+2",
                 "kind": "transitive",
                 "source": "hosted",
                 "dependencies": [
                   "collection",
                   "flutter",
                   "flutter_web_plugins",
                   "google_maps",
                   "google_maps_flutter_platform_interface",
                   "sanitize_html",
                   "stream_transform",
                   "web"
                 ],
                 "directDependencies": [
                   "collection",
                   "flutter",
                   "flutter_web_plugins",
                   "google_maps",
                   "google_maps_flutter_platform_interface",
                   "sanitize_html",
                   "stream_transform",
                   "web"
                 ]
               },
               {
                 "name": "sanitize_html",
                 "version": "2.1.0",
                 "kind": "transitive",
                 "source": "hosted",
                 "dependencies": [
                   "html",
                   "meta"
                 ],
                 "directDependencies": [
                   "html",
                   "meta"
                 ]
               },
               {
                 "name": "html",
                 "version": "0.15.6",
                 "kind": "transitive",
                 "source": "hosted",
                 "dependencies": [
                   "csslib",
                   "source_span"
                 ],
                 "directDependencies": [
                   "csslib",
                   "source_span"
                 ]
               },
               {
                 "name": "csslib",
                 "version": "1.0.2",
                 "kind": "transitive",
                 "source": "hosted",
                 "dependencies": [
                   "source_span"
                 ],
                 "directDependencies": [
                   "source_span"
                 ]
               },
               {
                 "name": "google_maps_flutter_platform_interface",
                 "version": "2.12.1",
                 "kind": "transitive",
                 "source": "hosted",
                 "dependencies": [
                   "collection",
                   "flutter",
                   "plugin_platform_interface",
                   "stream_transform"
                 ],
                 "directDependencies": [
                   "collection",
                   "flutter",
                   "plugin_platform_interface",
                   "stream_transform"
                 ]
               },
               {
                 "name": "google_maps",
                 "version": "8.1.1",
                 "kind": "transitive",
                 "source": "hosted",
                 "dependencies": [
                   "meta",
                   "web"
                 ],
                 "directDependencies": [
                   "meta",
                   "web"
                 ]
               },
               {
                 "name": "google_maps_flutter_ios",
                 "version": "2.15.4",
                 "kind": "transitive",
                 "source": "hosted",
                 "dependencies": [
                   "flutter",
                   "google_maps_flutter_platform_interface",
                   "stream_transform"
                 ],
                 "directDependencies": [
                   "flutter",
                   "google_maps_flutter_platform_interface",
                   "stream_transform"
                 ]
               },
               {
                 "name": "google_maps_flutter_android",
                 "version": "2.16.2",
                 "kind": "transitive",
                 "source": "hosted",
                 "dependencies": [
                   "flutter",
                   "flutter_plugin_android_lifecycle",
                   "google_maps_flutter_platform_interface",
                   "stream_transform"
                 ],
                 "directDependencies": [
                   "flutter",
                   "flutter_plugin_android_lifecycle",
                   "google_maps_flutter_platform_interface",
                   "stream_transform"
                 ]
               },
               {
                 "name": "flutter_bloc",
                 "version": "8.1.6",
                 "kind": "direct",
                 "source": "hosted",
                 "dependencies": [
                   "bloc",
                   "flutter",
                   "provider"
                 ],
                 "directDependencies": [
                   "bloc",
                   "flutter",
                   "provider"
                 ]
               },
               {
                 "name": "provider",
                 "version": "6.1.5",
                 "kind": "direct",
                 "source": "hosted",
                 "dependencies": [
                   "collection",
                   "flutter",
                   "nested"
                 ],
                 "directDependencies": [
                   "collection",
                   "flutter",
                   "nested"
                 ]
               },
               {
                 "name": "nested",
                 "version": "1.0.0",
                 "kind": "transitive",
                 "source": "hosted",
                 "dependencies": [
                   "flutter"
                 ],
                 "directDependencies": [
                   "flutter"
                 ]
               },
               {
                 "name": "bloc",
                 "version": "8.1.4",
                 "kind": "transitive",
                 "source": "hosted",
                 "dependencies": [
                   "meta"
                 ],
                 "directDependencies": [
                   "meta"
                 ]
               },
               {
                 "name": "cupertino_icons",
                 "version": "1.0.8",
                 "kind": "direct",
                 "source": "hosted",
                 "dependencies": [],
                 "directDependencies": []
               }
             ],
             "sdks": [
               {
                 "name": "Dart",
                 "version": "3.8.1"
               },
               {
                 "name": "Flutter",
                 "version": "3.32.5"
               }
             ],
             "executables": [
               "math_expressions:interpreter",
               "mockito:codegen",
               "build_runner",
               "build_runner:graph_inspector"
             ]
           }
[  +26 ms] Found plugin camera at /home/ubuntu/.pub-cache/hosted/pub.dev/camera-0.10.6/
[        ] Found plugin camera_android at /home/ubuntu/.pub-cache/hosted/pub.dev/camera_android-0.10.10+3/
[        ] Found plugin camera_avfoundation at /home/ubuntu/.pub-cache/hosted/pub.dev/camera_avfoundation-0.9.20+1/
[   +1 ms] Found plugin camera_web at /home/ubuntu/.pub-cache/hosted/pub.dev/camera_web-0.3.5/
[   +2 ms] Found plugin cloud_firestore at /home/ubuntu/.pub-cache/hosted/pub.dev/cloud_firestore-4.17.5/
[   +1 ms] Found plugin cloud_firestore_web at /home/ubuntu/.pub-cache/hosted/pub.dev/cloud_firestore_web-3.12.5/
[   +1 ms] Found plugin connectivity_plus at /home/ubuntu/.pub-cache/hosted/pub.dev/connectivity_plus-4.0.2/
[   +7 ms] Found plugin file_selector_linux at /home/ubuntu/.pub-cache/hosted/pub.dev/file_selector_linux-0.9.3+2/
[        ] Found plugin file_selector_macos at /home/ubuntu/.pub-cache/hosted/pub.dev/file_selector_macos-0.9.4+3/
[   +1 ms] Found plugin file_selector_windows at /home/ubuntu/.pub-cache/hosted/pub.dev/file_selector_windows-0.9.3+4/
[        ] Found plugin firebase_auth at /home/ubuntu/.pub-cache/hosted/pub.dev/firebase_auth-4.16.0/
[   +1 ms] Found plugin firebase_auth_web at /home/ubuntu/.pub-cache/hosted/pub.dev/firebase_auth_web-5.8.13/
[   +1 ms] Found plugin firebase_core at /home/ubuntu/.pub-cache/hosted/pub.dev/firebase_core-2.32.0/
[   +1 ms] Found plugin firebase_core_web at /home/ubuntu/.pub-cache/hosted/pub.dev/firebase_core_web-2.24.0/
[        ] Found plugin firebase_messaging at /home/ubuntu/.pub-cache/hosted/pub.dev/firebase_messaging-14.7.10/
[   +1 ms] Found plugin firebase_messaging_web at /home/ubuntu/.pub-cache/hosted/pub.dev/firebase_messaging_web-3.5.18/
[        ] Found plugin firebase_storage at /home/ubuntu/.pub-cache/hosted/pub.dev/firebase_storage-11.6.5/
[   +1 ms] Found plugin firebase_storage_web at /home/ubuntu/.pub-cache/hosted/pub.dev/firebase_storage_web-3.6.22/
[   +2 ms] Found plugin flutter_local_notifications at /home/ubuntu/.pub-cache/hosted/pub.dev/flutter_local_notifications-15.1.3/
[        ] Found plugin flutter_local_notifications_linux at /home/ubuntu/.pub-cache/hosted/pub.dev/flutter_local_notifications_linux-4.0.1/
[   +1 ms] Found plugin flutter_plugin_android_lifecycle at /home/ubuntu/.pub-cache/hosted/pub.dev/flutter_plugin_android_lifecycle-2.0.28/
[        ] Found plugin flutter_secure_storage at /home/ubuntu/.pub-cache/hosted/pub.dev/flutter_secure_storage-9.2.4/
[        ] Found plugin flutter_secure_storage_linux at /home/ubuntu/.pub-cache/hosted/pub.dev/flutter_secure_storage_linux-1.2.3/
[        ] Found plugin flutter_secure_storage_macos at /home/ubuntu/.pub-cache/hosted/pub.dev/flutter_secure_storage_macos-3.1.3/
[   +1 ms] Found plugin flutter_secure_storage_web at /home/ubuntu/.pub-cache/hosted/pub.dev/flutter_secure_storage_web-1.2.1/
[        ] Found plugin flutter_secure_storage_windows at /home/ubuntu/.pub-cache/hosted/pub.dev/flutter_secure_storage_windows-3.1.2/
[   +7 ms] Found plugin geocoding at /home/ubuntu/.pub-cache/hosted/pub.dev/geocoding-2.2.2/
[        ] Found plugin geocoding_android at /home/ubuntu/.pub-cache/hosted/pub.dev/geocoding_android-3.3.1/
[        ] Found plugin geocoding_ios at /home/ubuntu/.pub-cache/hosted/pub.dev/geocoding_ios-2.3.0/
[   +1 ms] Found plugin geolocator at /home/ubuntu/.pub-cache/hosted/pub.dev/geolocator-9.0.2/
[        ] Found plugin geolocator_android at /home/ubuntu/.pub-cache/hosted/pub.dev/geolocator_android-4.6.2/
[        ] Found plugin geolocator_apple at /home/ubuntu/.pub-cache/hosted/pub.dev/geolocator_apple-2.3.13/
[   +1 ms] Found plugin geolocator_web at /home/ubuntu/.pub-cache/hosted/pub.dev/geolocator_web-2.2.1/
[        ] Found plugin geolocator_windows at /home/ubuntu/.pub-cache/hosted/pub.dev/geolocator_windows-0.1.3/
[   +1 ms] Found plugin google_maps_flutter at /home/ubuntu/.pub-cache/hosted/pub.dev/google_maps_flutter-2.12.3/
[        ] Found plugin google_maps_flutter_android at /home/ubuntu/.pub-cache/hosted/pub.dev/google_maps_flutter_android-2.16.2/
[        ] Found plugin google_maps_flutter_ios at /home/ubuntu/.pub-cache/hosted/pub.dev/google_maps_flutter_ios-2.15.4/
[   +1 ms] Found plugin google_maps_flutter_web at /home/ubuntu/.pub-cache/hosted/pub.dev/google_maps_flutter_web-0.5.12+2/
[   +5 ms] Found plugin image_picker at /home/ubuntu/.pub-cache/hosted/pub.dev/image_picker-1.1.2/
[        ] Found plugin image_picker_android at /home/ubuntu/.pub-cache/hosted/pub.dev/image_picker_android-0.8.12+23/
[        ] Found plugin image_picker_for_web at /home/ubuntu/.pub-cache/hosted/pub.dev/image_picker_for_web-3.0.6/
[        ] Found plugin image_picker_ios at /home/ubuntu/.pub-cache/hosted/pub.dev/image_picker_ios-0.8.12+2/
[        ] Found plugin image_picker_linux at /home/ubuntu/.pub-cache/hosted/pub.dev/image_picker_linux-0.2.1+2/
[        ] Found plugin image_picker_macos at /home/ubuntu/.pub-cache/hosted/pub.dev/image_picker_macos-0.2.1+2/
[   +1 ms] Found plugin image_picker_windows at /home/ubuntu/.pub-cache/hosted/pub.dev/image_picker_windows-0.2.1+1/
[   +4 ms] Found plugin location at /home/ubuntu/.pub-cache/hosted/pub.dev/location-5.0.3/
[   +1 ms] Found plugin location_web at /home/ubuntu/.pub-cache/hosted/pub.dev/location_web-4.2.0/
[   +7 ms] Found plugin path_provider at /home/ubuntu/.pub-cache/hosted/pub.dev/path_provider-2.1.5/
[        ] Found plugin path_provider_android at /home/ubuntu/.pub-cache/hosted/pub.dev/path_provider_android-2.2.17/
[        ] Found plugin path_provider_foundation at /home/ubuntu/.pub-cache/hosted/pub.dev/path_provider_foundation-2.4.1/
[        ] Found plugin path_provider_linux at /home/ubuntu/.pub-cache/hosted/pub.dev/path_provider_linux-2.2.1/
[   +1 ms] Found plugin path_provider_windows at /home/ubuntu/.pub-cache/hosted/pub.dev/path_provider_windows-2.3.0/
[   +1 ms] Found plugin permission_handler at /home/ubuntu/.pub-cache/hosted/pub.dev/permission_handler-11.4.0/
[        ] Found plugin permission_handler_android at /home/ubuntu/.pub-cache/hosted/pub.dev/permission_handler_android-12.1.0/
[        ] Found plugin permission_handler_apple at /home/ubuntu/.pub-cache/hosted/pub.dev/permission_handler_apple-9.4.7/
[        ] Found plugin permission_handler_html at /home/ubuntu/.pub-cache/hosted/pub.dev/permission_handler_html-0.1.3+5/
[   +1 ms] Found plugin permission_handler_windows at /home/ubuntu/.pub-cache/hosted/pub.dev/permission_handler_windows-0.2.1/
[   +3 ms] Found plugin printing at /home/ubuntu/.pub-cache/hosted/pub.dev/printing-5.14.2/
[   +3 ms] Found plugin share_plus at /home/ubuntu/.pub-cache/hosted/pub.dev/share_plus-7.2.2/
[   +1 ms] Found plugin shared_preferences at /home/ubuntu/.pub-cache/hosted/pub.dev/shared_preferences-2.5.3/
[        ] Found plugin shared_preferences_android at /home/ubuntu/.pub-cache/hosted/pub.dev/shared_preferences_android-2.4.10/
[        ] Found plugin shared_preferences_foundation at /home/ubuntu/.pub-cache/hosted/pub.dev/shared_preferences_foundation-2.5.4/
[        ] Found plugin shared_preferences_linux at /home/ubuntu/.pub-cache/hosted/pub.dev/shared_preferences_linux-2.4.1/
[   +1 ms] Found plugin shared_preferences_web at /home/ubuntu/.pub-cache/hosted/pub.dev/shared_preferences_web-2.4.3/
[        ] Found plugin shared_preferences_windows at /home/ubuntu/.pub-cache/hosted/pub.dev/shared_preferences_windows-2.4.1/
[   +3 ms] Found plugin sqflite at /home/ubuntu/.pub-cache/hosted/pub.dev/sqflite-2.4.2/
[        ] Found plugin sqflite_android at /home/ubuntu/.pub-cache/hosted/pub.dev/sqflite_android-2.4.1/
[   +1 ms] Found plugin sqflite_darwin at /home/ubuntu/.pub-cache/hosted/pub.dev/sqflite_darwin-2.4.2/
[   +6 ms] Found plugin url_launcher_linux at /home/ubuntu/.pub-cache/hosted/pub.dev/url_launcher_linux-3.2.1/
[   +1 ms] Found plugin url_launcher_web at /home/ubuntu/.pub-cache/hosted/pub.dev/url_launcher_web-2.4.1/
[        ] Found plugin url_launcher_windows at /home/ubuntu/.pub-cache/hosted/pub.dev/url_launcher_windows-3.1.4/
[  +14 ms] Found plugin integration_test at /home/ubuntu/snap/flutter/common/flutter/packages/integration_test/
[   +8 ms] gen_dart_plugin_registrant: Complete
[   +1 ms] Skipping target: _composite
[   +1 ms] complete
[   +4 ms] Launching lib/main.dart on Linux in debug mode...
[   +4 ms] /home/ubuntu/snap/flutter/common/flutter/bin/cache/dart-sdk/bin/dartaotruntime /home/ubuntu/snap/flutter/common/flutter/bin/cache/dart-sdk/bin/snapshots/frontend_server_aot.dart.snapshot --sdk-root /home/ubuntu/snap/flutter/common/flutter/bin/cache/artifacts/engine/common/flutter_patched_sdk/ --incremental --target=flutter --experimental-emit-debug-metadata -DFLUTTER_VERSION=3.32.5 -DFLUTTER_CHANNEL=stable -DFLUTTER_GIT_URL=https://github.com/flutter/flutter.git -DFLUTTER_FRAMEWORK_REVISION=fcf2c11572 -DFLUTTER_ENGINE_REVISION=dd93de6fb1 -DFLUTTER_DART_VERSION=3.8.1 --output-dill /tmp/flutter_tools.XALUHX/flutter_tool.GLWWGV/app.dill --packages /home/ubuntu/fire-safe/.dart_tool/package_config.json -Ddart.vm.profile=false -Ddart.vm.product=false --enable-asserts --track-widget-creation --filesystem-scheme org-dartlang-root --initialize-from-dill build/5ed1ec56e46357ec5ad2faed02821e03.cache.dill.track.dill --source file:///home/ubuntu/fire-safe/.dart_tool/flutter_build/dart_plugin_registrant.dart --source package:flutter/src/dart_plugin_registrant.dart -Dflutter.dart_plugin_registrant=file:///home/ubuntu/fire-safe/.dart_tool/flutter_build/dart_plugin_registrant.dart --verbosity=error --enable-experiment=alternative-invalidation-strategy
[  +17 ms] Building Linux application...
[   +9 ms] <- compile package:fire_safety_inspector/main.dart
[   +1 ms] executing: [/home/ubuntu/fire-safe/build/linux/x64/debug/] cmake -G Ninja -DCMAKE_BUILD_TYPE=Debug -DFLUTTER_TARGET_PLATFORM=linux-x64 /home/ubuntu/fire-safe/linux
[  +41 ms] -- Downloading/updating pdfium
[  +49 ms] -- Configuring done
[   +1 ms] -- Generating done
[        ] -- Build files have been written to: /home/ubuntu/fire-safe/build/linux/x64/debug/pdfium-download
[  +17 ms] ninja: no work to do.
[  +11 ms] -- Configuring done
[  +39 ms] -- Generating done
[   +1 ms] -- Build files have been written to: /home/ubuntu/fire-safe/build/linux/x64/debug
[   +5 ms] executing: ninja -C /home/ubuntu/fire-safe/build/linux/x64/debug install
[  +11 ms] ninja: Entering directory `/home/ubuntu/fire-safe/build/linux/x64/debug'
[+6146 ms] [1/16] Generating /home/ubuntu/fire-safe/linux/flutter/ephemeral/libflutter_linux_gtk.so, /home/ubuntu/fire-safe/linux/flutter/ephemeral/flutter_linux/fl_basic_message_channel.h, /home/ubuntu/fire-safe/linux/flutter/ephemeral/flutter_linux/fl_binary_codec.h, /home/ubuntu/fire-safe/linux/flutter/ephemeral/flutter_linux/fl_binary_messenger.h, /home/ubuntu/fire-safe/linux/flutter/ephemeral/flutter_linux/fl_dart_project.h, /home/ubuntu/fire-safe/linux/flutter/ephemeral/flutter_linux/fl_engine.h, /home/ubuntu/fire-safe/linux/flutter/ephemeral/flutter_linux/fl_json_message_codec.h, /home/ubuntu/fire-safe/linux/flutter/ephemeral/flutter_linux/fl_json_method_codec.h, /home/ubuntu/fire-safe/linux/flutter/ephemeral/flutter_linux/fl_message_codec.h, /home/ubuntu/fire-safe/linux/flutter/ephemeral/flutter_linux/fl_method_call.h, /home/ubuntu/fire-safe/linux/flutter/ephemeral/flutter_linux/fl_method_channel.h, /home/ubuntu/fire-safe/linux/flutter/ephemeral/flutter_linux/fl_method_codec.h, /home/ubuntu/fire-safe/linux/flutter/ephemeral/flutter_linux/fl_method_response.h, /home/ubuntu/fire-safe/linux/flutter/ephemeral/flutter_linux/fl_plugin_registrar.h, /home/ubuntu/fire-safe/linux/flutter/ephemeral/flutter_linux/fl_plugin_registry.h, /home/ubuntu/fire-safe/linux/flutter/ephemeral/flutter_linux/fl_standard_message_codec.h, /home/ubuntu/fire-safe/linux/flutter/ephemeral/flutter_linux/fl_standard_method_codec.h, /home/ubuntu/fire-safe/linux/flutter/ephemeral/flutter_linux/fl_string_codec.h, /home/ubuntu/fire-safe/linux/flutter/ephemeral/flutter_linux/fl_value.h, /home/ubuntu/fire-safe/linux/flutter/ephemeral/flutter_linux/fl_view.h, /home/ubuntu/fire-safe/linux/flutter/ephemeral/flutter_linux/flutter_linux.h, _phony_
[   +6 ms] [  +20 ms] executing: uname -m
[        ] [  +16 ms] Exit code 0 from: uname -m
[        ] [        ] x86_64
[        ] [  +39 ms] Artifact Instance of 'AndroidGenSnapshotArtifacts' is not required, skipping update.
[        ] [        ] Artifact Instance of 'AndroidInternalBuildArtifacts' is not required, skipping update.
[        ] [        ] Artifact Instance of 'IOSEngineArtifacts' is not required, skipping update.
[        ] [        ] Artifact Instance of 'FlutterWebSdk' is not required, skipping update.
[        ] [        ] Artifact Instance of 'LegacyCanvasKitRemover' is not required, skipping update.
[        ] [   +3 ms] Artifact Instance of 'WindowsEngineArtifacts' is not required, skipping update.
[        ] [        ] Artifact Instance of 'MacOSEngineArtifacts' is not required, skipping update.
[        ] [        ] Artifact Instance of 'LinuxEngineArtifacts' is not required, skipping update.
[        ] [        ] Artifact Instance of 'LinuxFuchsiaSDKArtifacts' is not required, skipping update.
[        ] [        ] Artifact Instance of 'MacOSFuchsiaSDKArtifacts' is not required, skipping update.
[        ] [        ] Artifact Instance of 'FlutterRunnerSDKArtifacts' is not required, skipping update.
[        ] [        ] Artifact Instance of 'FlutterRunnerDebugSymbols' is not required, skipping update.
[        ] [ +165 ms] Artifact Instance of 'MaterialFonts' is not required, skipping update.
[   +2 ms] [        ] Artifact Instance of 'GradleWrapper' is not required, skipping update.
[        ] [        ] Artifact Instance of 'AndroidGenSnapshotArtifacts' is not required, skipping update.
[        ] [        ] Artifact Instance of 'AndroidInternalBuildArtifacts' is not required, skipping update.
[        ] [        ] Artifact Instance of 'IOSEngineArtifacts' is not required, skipping update.
[        ] [        ] Artifact Instance of 'FlutterWebSdk' is not required, skipping update.
[        ] [        ] Artifact Instance of 'LegacyCanvasKitRemover' is not required, skipping update.
[        ] [        ] Artifact Instance of 'FlutterSdk' is not required, skipping update.
[        ] [        ] Artifact Instance of 'WindowsEngineArtifacts' is not required, skipping update.
[        ] [        ] Artifact Instance of 'MacOSEngineArtifacts' is not required, skipping update.
[        ] [   +1 ms] Artifact Instance of 'LinuxFuchsiaSDKArtifacts' is not required, skipping update.
[        ] [        ] Artifact Instance of 'MacOSFuchsiaSDKArtifacts' is not required, skipping update.
[        ] [        ] Artifact Instance of 'FlutterRunnerSDKArtifacts' is not required, skipping update.
[        ] [        ] Artifact Instance of 'FlutterRunnerDebugSymbols' is not required, skipping update.
[        ] [        ] Artifact Instance of 'IosUsbArtifacts' is not required, skipping update.
[        ] [        ] Artifact Instance of 'IosUsbArtifacts' is not required, skipping update.
[        ] [        ] Artifact Instance of 'IosUsbArtifacts' is not required, skipping update.
[        ] [        ] Artifact Instance of 'IosUsbArtifacts' is not required, skipping update.
[        ] [        ] Artifact Instance of 'IosUsbArtifacts' is not required, skipping update.
[        ] [        ] Artifact Instance of 'FontSubsetArtifacts' is not required, skipping update.
[        ] [        ] Artifact Instance of 'PubDependencies' is not required, skipping update.
[   +3 ms] [  +27 ms] Initializing file store
[        ] [  +32 ms] Done initializing file store
[        ] [ +115 ms] Skipping target: gen_localizations
[        ] [  +32 ms] Skipping target: gen_dart_plugin_registrant
[        ] [+1669 ms] Skipping target: unpack_linux
[        ] [ +910 ms] Skipping target: kernel_snapshot_program
[        ] [   +7 ms] Skipping target: dart_build
[        ] [        ] Skipping target: install_code_assets
[        ] [   +2 ms] invalidated build due to missing files: /home/ubuntu/fire-safe/DOES_NOT_EXIST_RERUN_FOR_WILDCARD1029986430
[        ] [ +479 ms] debug_bundle_linux-x64_assets: Starting due to {InvalidatedReasonKind.inputMissing: The following inputs were missing: /home/ubuntu/fire-safe/DOES_NOT_EXIST_RERUN_FOR_WILDCARD1029986430}
[        ] [ +491 ms] Manifest contained wildcard assets. Inserting missing file into build graph to force rerun. for more information see #56466.
[   +1 ms] [  +13 ms] shaderc command: [/home/ubuntu/snap/flutter/common/flutter/bin/cache/artifacts/engine/linux-x64/impellerc, --sksl, --runtime-stage-gles, --runtime-stage-gles3, --runtime-stage-vulkan, --iplr, --sl=/home/ubuntu/fire-safe/build/flutter_assets/shaders/ink_sparkle.frag, --spirv=/home/ubuntu/fire-safe/build/flutter_assets/shaders/ink_sparkle.frag.spirv, --input=/home/ubuntu/snap/flutter/common/flutter/packages/flutter/lib/src/material/shaders/ink_sparkle.frag, --input-type=frag, --include=/home/ubuntu/snap/flutter/common/flutter/packages/flutter/lib/src/material/shaders, --include=/home/ubuntu/snap/flutter/common/flutter/bin/cache/artifacts/engine/linux-x64/shader_lib]
[        ] [ +874 ms] debug_bundle_linux-x64_assets: Complete
[   +1 ms] [ +436 ms] Persisting file store
[        ] [  +32 ms] Done persisting file store
[        ] [  +46 ms] build succeeded.
[        ] [  +13 ms] "flutter assemble" took 5,366ms.
[        ] [   +8 ms] Running 1 shutdown hook
[        ] [   +2 ms] Shutdown hooks complete
[        ] [   +1 ms] exiting with code 0
[ +257 ms] [2/9] Linking CXX shared library plugins/file_selector_linux/libfile_selector_linux_plugin.so
[  +31 ms] [3/9] Linking CXX shared library plugins/url_launcher_linux/liburl_launcher_linux_plugin.so
[  +47 ms] [4/9] Linking CXX shared library plugins/printing/libprinting_plugin.so
[ +142 ms] [5/9] Linking CXX shared library plugins/flutter_secure_storage_linux/libflutter_secure_storage_linux_plugin.so
[ +122 ms] [6/9] Building CXX object runner/CMakeFiles/fire_safety_inspector.dir/__/flutter/generated_plugin_registrant.cc.o
[  +59 ms] [7/9] Building CXX object runner/CMakeFiles/fire_safety_inspector.dir/my_application.cc.o
[ +189 ms] [8/9] Linking CXX executable intermediates_do_not_run/fire_safety_inspector
[        ] FAILED: intermediates_do_not_run/fire_safety_inspector 
[  +23 ms] : && /snap/flutter/current/usr/bin/clang++  -g  -B/snap/flutter/current/usr/lib/gcc/x86_64-linux-gnu/9 -B/snap/flutter/current/usr/lib/x86_64-linux-gnu -B/snap/flutter/current/lib/x86_64-linux-gnu -B/snap/flutter/current/usr/lib/ -L/snap/flutter/current/usr/lib/gcc/x86_64-linux-gnu/9 -L/snap/flutter/current/usr/lib/x86_64-linux-gnu -L/snap/flutter/current/lib/x86_64-linux-gnu -L/snap/flutter/current/usr/lib/ -lblkid -lgcrypt -llzma -llz4 -lgpg-error -luuid -lpthread -ldl -lepoxy -lfontconfig -B/snap/flutter/current/usr/lib/gcc/x86_64-linux-gnu/9 -B/snap/flutter/current/usr/lib/x86_64-linux-gnu -B/snap/flutter/current/lib/x86_64-linux-gnu -B/snap/flutter/current/usr/lib/ -L/snap/flutter/current/usr/lib/gcc/x86_64-linux-gnu/9 -L/snap/flutter/current/usr/lib/x86_64-linux-gnu -L/snap/flutter/current/lib/x86_64-linux-gnu -L/snap/flutter/current/usr/lib/ -lblkid -lgcrypt -llzma -llz4 -lgpg-error -luuid -lpthread -ldl -lepoxy -lfontconfig runner/CMakeFiles/fire_safety_inspector.dir/main.cc.o runner/CMakeFiles/fire_safety_inspector.dir/my_application.cc.o runner/CMakeFiles/fire_safety_inspector.dir/__/flutter/generated_plugin_registrant.cc.o  -o intermediates_do_not_run/fire_safety_inspector  -Wl,-rpath,/home/ubuntu/fire-safe/build/linux/x64/debug/plugins/file_selector_linux:/home/ubuntu/fire-safe/build/linux/x64/debug/plugins/flutter_secure_storage_linux:/home/ubuntu/fire-safe/build/linux/x64/debug/plugins/printing:/home/ubuntu/fire-safe/build/linux/x64/debug/plugins/url_launcher_linux:/home/ubuntu/fire-safe/linux/flutter/ephemeral:/home/ubuntu/fire-safe/build/linux/x64/debug/pdfium-src/lib:  plugins/file_selector_linux/libfile_selector_linux_plugin.so  plugins/flutter_secure_storage_linux/libflutter_secure_storage_linux_plugin.so  plugins/printing/libprinting_plugin.so  plugins/url_launcher_linux/liburl_launcher_linux_plugin.so  /home/ubuntu/fire-safe/linux/flutter/ephemeral/libflutter_linux_gtk.so  /snap/flutter/current/usr/lib/x86_64-linux-gnu/libgtk-3.so  /snap/flutter/current/usr/lib/x86_64-linux-gnu/libgdk-3.so  /snap/flutter/current/usr/lib/x86_64-linux-gnu/libpangocairo-1.0.so  /snap/flutter/current/usr/lib/x86_64-linux-gnu/libpango-1.0.so  /snap/flutter/current/usr/lib/x86_64-linux-gnu/libharfbuzz.so  /snap/flutter/current/usr/lib/x86_64-linux-gnu/libatk-1.0.so  /snap/flutter/current/usr/lib/x86_64-linux-gnu/libcairo-gobject.so  /snap/flutter/current/usr/lib/x86_64-linux-gnu/libcairo.so  /snap/flutter/current/usr/lib/x86_64-linux-gnu/libgdk_pixbuf-2.0.so  /snap/flutter/current/usr/lib/x86_64-linux-gnu/libgio-2.0.so  /snap/flutter/current/usr/lib/x86_64-linux-gnu/libgobject-2.0.so  /snap/flutter/current/usr/lib/x86_64-linux-gnu/libglib-2.0.so  -Wl,-rpath-link,/home/ubuntu/fire-safe/build/linux/x64/debug/pdfium-src/lib && :
[        ] /snap/flutter/current/usr/bin/ld: /lib/x86_64-linux-gnu/libsecret-1.so.0: undefined reference to `g_task_set_static_name'
[        ] /snap/flutter/current/usr/bin/ld: /lib/x86_64-linux-gnu/libsecret-1.so.0: undefined reference to `g_once_init_enter_pointer'
[        ] /snap/flutter/current/usr/bin/ld: /lib/x86_64-linux-gnu/libsecret-1.so.0: undefined reference to `g_once_init_leave_pointer'
[        ] clang: error: linker command failed with exit code 1 (use -v to see invocation)
[   +2 ms] ninja: build stopped: subcommand failed.
[  +15 ms] Building Linux application... (completed in 7.2s)
[+6534 ms] Error: Build process failed
[   +1 ms] "flutter run" took 17,194ms.
[   +9 ms] 
           #0      throwToolExit (package:flutter_tools/src/base/common.dart:34:3)
           #1      RunCommand.runCommand (package:flutter_tools/src/commands/run.dart:867:9)
           <asynchronous suspension>
           #2      FlutterCommand.run.<anonymous closure> (package:flutter_tools/src/runner/flutter_command.dart:1563:27)
           <asynchronous suspension>
           #3      AppContext.run.<anonymous closure> (package:flutter_tools/src/base/context.dart:154:19)
           <asynchronous suspension>
           #4      CommandRunner.runCommand (package:args/command_runner.dart:212:13)
           <asynchronous suspension>
           #5      FlutterCommandRunner.runCommand.<anonymous closure> (package:flutter_tools/src/runner/flutter_command_runner.dart:494:9)
           <asynchronous suspension>
           #6      AppContext.run.<anonymous closure> (package:flutter_tools/src/base/context.dart:154:19)
           <asynchronous suspension>
           #7      FlutterCommandRunner.runCommand (package:flutter_tools/src/runner/flutter_command_runner.dart:431:5)
           <asynchronous suspension>
           #8      run.<anonymous closure>.<anonymous closure> (package:flutter_tools/runner.dart:98:11)
           <asynchronous suspension>
           #9      AppContext.run.<anonymous closure> (package:flutter_tools/src/base/context.dart:154:19)
           <asynchronous suspension>
           #10     main (package:flutter_tools/executable.dart:102:3)
           <asynchronous suspension>


[        ] Running 3 shutdown hooks
[  +10 ms] Shutdown hooks complete
[        ] exiting with code 1
